title,image
# 全家福香肉拌饭.jpg,https://pigkiller-011955-1319328397.cos.ap-beijing.myqcloud.com/%23%20%E5%85%A8%E5%AE%B6%E7%A6%8F%E9%A6%99%E8%82%89%E6%8B%8C%E9%A5%AD.jpg?q-sign-algorithm=sha1&q-ak=AKIDOosSoMqM6xFxI8Gt5Ixne8o8geZ-y7WDck4ZLZOGG-W8xQK0A6AqBuGVDXcFgBo8&q-sign-time=1722087543;1722091143&q-key-time=1722087543;1722091143&q-header-list=&q-url-param-list=&q-signature=6ddbfd87a7e86b88bfd158a461d274e5b9a88370&x-cos-security-token=OLhnY70Y5hWt7lAXQx5f3ePajI12Yhua3d8d30dd8e4434db73531c297ffbeddd0BeUvDO4IQwubfMbiLMoCShgxO1-clZDc3ZucUr8WeG6KJ-nwadv6fp1-VK1OOda2XW_2GuIVaY6yeyqehaQq9Ig69FUuCufRmcWqcFF7RrBNB0W4Mwau8ax3HFKVNoibWxWa1tze2nfkn92_OBS8_MWw3mPWdCPE-kJYEDkJdxzxlV0mX2B4bOtLWjB-1X_L5g2fHSBXsaasykl7u0E6E677cK2Brf6o0MexlBvgp4FctpurEDkPWz7OoX3dIo9zlRkUrkn-AjAXMeqRr2lxWwhA87y2MnOnUxQDVxXBMSd4uvdNoIT_u6HcxC0BiYxOeUfT7YaDI1Vj7FpYnsXd9Qh2X0nW3-fV0InOce0XJzlZam6EwWMKP2RqAK4jnik3in8G7CoeLpfCH7-edkJedODOiISXhw7JI0YwnlHTIemhJcO4QkOOjEbmm7YMs2uVNAwxUKC8ijXWlPiLX_yiOkzcm3-XuivqQOad5kgGauzN4utwyz9LU2N-CZFOtAPYvt7_o8Q0WwyfgOIeEUUaMszlPVZ9wq9dYKqtl5YBEHdbPvzwXqGBis9SSLoHrdv3vI5HksTi37EgdY1D4ZRlt7OThe5-__tF6R8V22s8c5KU9vLtN0oiajx_01wM2CtjvPOd1-WeHt0x9SwAXk8Xm1NaaB8rReL7NR53zbxxv4FHImT3CF0Ujev_DAzdeG2MBVG6XOCPDgOc8pG-_ZTdBd9HC5llzRwLouCcNbk77bfoRRg88s5pBTE79nN_CZu4rppSJaYvb-nZkDH6ZjvBqQ6pwHHMIbW4OtAn3DeOX-2vE0RVvYqRhbdc1CV8m-kQ1gQIdUGbIt-vvyRLZmI2xFW2g7dobFPMqkElqb0b7zRB7QaxhIC6NpF9Fu-wk7u-To9lwkZ9WpBxjDz57Ocj7C0alcB8Gs2jMUYcwnzsFSXiFdPX3oxG6Mf-5SKzrpduPuQ9GCfizc6UiSMn66f8NF4WJK2c9nlOP7PJ7nEb4Y4Gi2cFRT1YT2kBJP_WAPaN8gLbAe943nQwLNl--vBnLGw5V-Px_dIsoRJD6SL0nmSugKyQziwq-tOn9fB7SQ15W4Wsg2A7sZtSD4dhlOwhfcobxkl-mOylaVc6XEtu0ed6hKZvhCGD-jgrdtfEwG1MIM4tuJjTU0ruQ4X5C4FL_YLr8veJSKsSUEpot9o_PHE4NMvBgVH4N_NlWgxD9d1GVWfTxEzp6vz6Yu1M1POFWNy8oSMBBtE1PXvIIMR8Kc
# 养生虾球套餐.jpg,https://pigkiller-011955-1319328397.cos.ap-beijing.myqcloud.com/%23%20%E5%85%BB%E7%94%9F%E8%99%BE%E7%90%83%E5%A5%97%E9%A4%90.jpg?q-sign-algorithm=sha1&q-ak=AKIDOosSoMqM6xFxI8Gt5Ixne8o8geZ-y7WDck4ZLZOGG-W8xQK0A6AqBuGVDXcFgBo8&q-sign-time=1722087543;1722091143&q-key-time=1722087543;1722091143&q-header-list=&q-url-param-list=&q-signature=e3ea1469ec224b04350928a2747b1d2d196a278a&x-cos-security-token=OLhnY70Y5hWt7lAXQx5f3ePajI12Yhua3d8d30dd8e4434db73531c297ffbeddd0BeUvDO4IQwubfMbiLMoCShgxO1-clZDc3ZucUr8WeG6KJ-nwadv6fp1-VK1OOda2XW_2GuIVaY6yeyqehaQq9Ig69FUuCufRmcWqcFF7RrBNB0W4Mwau8ax3HFKVNoibWxWa1tze2nfkn92_OBS8_MWw3mPWdCPE-kJYEDkJdxzxlV0mX2B4bOtLWjB-1X_L5g2fHSBXsaasykl7u0E6E677cK2Brf6o0MexlBvgp4FctpurEDkPWz7OoX3dIo9zlRkUrkn-AjAXMeqRr2lxWwhA87y2MnOnUxQDVxXBMSd4uvdNoIT_u6HcxC0BiYxOeUfT7YaDI1Vj7FpYnsXd9Qh2X0nW3-fV0InOce0XJzlZam6EwWMKP2RqAK4jnik3in8G7CoeLpfCH7-edkJedODOiISXhw7JI0YwnlHTIemhJcO4QkOOjEbmm7YMs2uVNAwxUKC8ijXWlPiLX_yiOkzcm3-XuivqQOad5kgGauzN4utwyz9LU2N-CZFOtAPYvt7_o8Q0WwyfgOIeEUUaMszlPVZ9wq9dYKqtl5YBEHdbPvzwXqGBis9SSLoHrdv3vI5HksTi37EgdY1D4ZRlt7OThe5-__tF6R8V22s8c5KU9vLtN0oiajx_01wM2CtjvPOd1-WeHt0x9SwAXk8Xm1NaaB8rReL7NR53zbxxv4FHImT3CF0Ujev_DAzdeG2MBVG6XOCPDgOc8pG-_ZTdBd9HC5llzRwLouCcNbk77bfoRRg88s5pBTE79nN_CZu4rppSJaYvb-nZkDH6ZjvBqQ6pwHHMIbW4OtAn3DeOX-2vE0RVvYqRhbdc1CV8m-kQ1gQIdUGbIt-vvyRLZmI2xFW2g7dobFPMqkElqb0b7zRB7QaxhIC6NpF9Fu-wk7u-To9lwkZ9WpBxjDz57Ocj7C0alcB8Gs2jMUYcwnzsFSXiFdPX3oxG6Mf-5SKzrpduPuQ9GCfizc6UiSMn66f8NF4WJK2c9nlOP7PJ7nEb4Y4Gi2cFRT1YT2kBJP_WAPaN8gLbAe943nQwLNl--vBnLGw5V-Px_dIsoRJD6SL0nmSugKyQziwq-tOn9fB7SQ15W4Wsg2A7sZtSD4dhlOwhfcobxkl-mOylaVc6XEtu0ed6hKZvhCGD-jgrdtfEwG1MIM4tuJjTU0ruQ4X5C4FL_YLr8veJSKsSUEpot9o_PHE4NMvBgVH4N_NlWgxD9d1GVWfTxEzp6vz6Yu1M1POFWNy8oSMBBtE1PXvIIMR8Kc
# 冒烤鸭.jpg,https://pigkiller-011955-1319328397.cos.ap-beijing.myqcloud.com/%23%20%E5%86%92%E7%83%A4%E9%B8%AD.jpg?q-sign-algorithm=sha1&q-ak=AKIDOosSoMqM6xFxI8Gt5Ixne8o8geZ-y7WDck4ZLZOGG-W8xQK0A6AqBuGVDXcFgBo8&q-sign-time=1722087543;1722091143&q-key-time=1722087543;1722091143&q-header-list=&q-url-param-list=&q-signature=37597c52b1abfe02ea01d92f05a203772a01414a&x-cos-security-token=OLhnY70Y5hWt7lAXQx5f3ePajI12Yhua3d8d30dd8e4434db73531c297ffbeddd0BeUvDO4IQwubfMbiLMoCShgxO1-clZDc3ZucUr8WeG6KJ-nwadv6fp1-VK1OOda2XW_2GuIVaY6yeyqehaQq9Ig69FUuCufRmcWqcFF7RrBNB0W4Mwau8ax3HFKVNoibWxWa1tze2nfkn92_OBS8_MWw3mPWdCPE-kJYEDkJdxzxlV0mX2B4bOtLWjB-1X_L5g2fHSBXsaasykl7u0E6E677cK2Brf6o0MexlBvgp4FctpurEDkPWz7OoX3dIo9zlRkUrkn-AjAXMeqRr2lxWwhA87y2MnOnUxQDVxXBMSd4uvdNoIT_u6HcxC0BiYxOeUfT7YaDI1Vj7FpYnsXd9Qh2X0nW3-fV0InOce0XJzlZam6EwWMKP2RqAK4jnik3in8G7CoeLpfCH7-edkJedODOiISXhw7JI0YwnlHTIemhJcO4QkOOjEbmm7YMs2uVNAwxUKC8ijXWlPiLX_yiOkzcm3-XuivqQOad5kgGauzN4utwyz9LU2N-CZFOtAPYvt7_o8Q0WwyfgOIeEUUaMszlPVZ9wq9dYKqtl5YBEHdbPvzwXqGBis9SSLoHrdv3vI5HksTi37EgdY1D4ZRlt7OThe5-__tF6R8V22s8c5KU9vLtN0oiajx_01wM2CtjvPOd1-WeHt0x9SwAXk8Xm1NaaB8rReL7NR53zbxxv4FHImT3CF0Ujev_DAzdeG2MBVG6XOCPDgOc8pG-_ZTdBd9HC5llzRwLouCcNbk77bfoRRg88s5pBTE79nN_CZu4rppSJaYvb-nZkDH6ZjvBqQ6pwHHMIbW4OtAn3DeOX-2vE0RVvYqRhbdc1CV8m-kQ1gQIdUGbIt-vvyRLZmI2xFW2g7dobFPMqkElqb0b7zRB7QaxhIC6NpF9Fu-wk7u-To9lwkZ9WpBxjDz57Ocj7C0alcB8Gs2jMUYcwnzsFSXiFdPX3oxG6Mf-5SKzrpduPuQ9GCfizc6UiSMn66f8NF4WJK2c9nlOP7PJ7nEb4Y4Gi2cFRT1YT2kBJP_WAPaN8gLbAe943nQwLNl--vBnLGw5V-Px_dIsoRJD6SL0nmSugKyQziwq-tOn9fB7SQ15W4Wsg2A7sZtSD4dhlOwhfcobxkl-mOylaVc6XEtu0ed6hKZvhCGD-jgrdtfEwG1MIM4tuJjTU0ruQ4X5C4FL_YLr8veJSKsSUEpot9o_PHE4NMvBgVH4N_NlWgxD9d1GVWfTxEzp6vz6Yu1M1POFWNy8oSMBBtE1PXvIIMR8Kc
# 口水鸡胗.jpg,https://pigkiller-011955-1319328397.cos.ap-beijing.myqcloud.com/%23%20%E5%8F%A3%E6%B0%B4%E9%B8%A1%E8%83%97.jpg?q-sign-algorithm=sha1&q-ak=AKIDOosSoMqM6xFxI8Gt5Ixne8o8geZ-y7WDck4ZLZOGG-W8xQK0A6AqBuGVDXcFgBo8&q-sign-time=1722087543;1722091143&q-key-time=1722087543;1722091143&q-header-list=&q-url-param-list=&q-signature=b8cdfcb3b3d2da5d037467a78f999f32349e6b31&x-cos-security-token=OLhnY70Y5hWt7lAXQx5f3ePajI12Yhua3d8d30dd8e4434db73531c297ffbeddd0BeUvDO4IQwubfMbiLMoCShgxO1-clZDc3ZucUr8WeG6KJ-nwadv6fp1-VK1OOda2XW_2GuIVaY6yeyqehaQq9Ig69FUuCufRmcWqcFF7RrBNB0W4Mwau8ax3HFKVNoibWxWa1tze2nfkn92_OBS8_MWw3mPWdCPE-kJYEDkJdxzxlV0mX2B4bOtLWjB-1X_L5g2fHSBXsaasykl7u0E6E677cK2Brf6o0MexlBvgp4FctpurEDkPWz7OoX3dIo9zlRkUrkn-AjAXMeqRr2lxWwhA87y2MnOnUxQDVxXBMSd4uvdNoIT_u6HcxC0BiYxOeUfT7YaDI1Vj7FpYnsXd9Qh2X0nW3-fV0InOce0XJzlZam6EwWMKP2RqAK4jnik3in8G7CoeLpfCH7-edkJedODOiISXhw7JI0YwnlHTIemhJcO4QkOOjEbmm7YMs2uVNAwxUKC8ijXWlPiLX_yiOkzcm3-XuivqQOad5kgGauzN4utwyz9LU2N-CZFOtAPYvt7_o8Q0WwyfgOIeEUUaMszlPVZ9wq9dYKqtl5YBEHdbPvzwXqGBis9SSLoHrdv3vI5HksTi37EgdY1D4ZRlt7OThe5-__tF6R8V22s8c5KU9vLtN0oiajx_01wM2CtjvPOd1-WeHt0x9SwAXk8Xm1NaaB8rReL7NR53zbxxv4FHImT3CF0Ujev_DAzdeG2MBVG6XOCPDgOc8pG-_ZTdBd9HC5llzRwLouCcNbk77bfoRRg88s5pBTE79nN_CZu4rppSJaYvb-nZkDH6ZjvBqQ6pwHHMIbW4OtAn3DeOX-2vE0RVvYqRhbdc1CV8m-kQ1gQIdUGbIt-vvyRLZmI2xFW2g7dobFPMqkElqb0b7zRB7QaxhIC6NpF9Fu-wk7u-To9lwkZ9WpBxjDz57Ocj7C0alcB8Gs2jMUYcwnzsFSXiFdPX3oxG6Mf-5SKzrpduPuQ9GCfizc6UiSMn66f8NF4WJK2c9nlOP7PJ7nEb4Y4Gi2cFRT1YT2kBJP_WAPaN8gLbAe943nQwLNl--vBnLGw5V-Px_dIsoRJD6SL0nmSugKyQziwq-tOn9fB7SQ15W4Wsg2A7sZtSD4dhlOwhfcobxkl-mOylaVc6XEtu0ed6hKZvhCGD-jgrdtfEwG1MIM4tuJjTU0ruQ4X5C4FL_YLr8veJSKsSUEpot9o_PHE4NMvBgVH4N_NlWgxD9d1GVWfTxEzp6vz6Yu1M1POFWNy8oSMBBtE1PXvIIMR8Kc
# 咖喱牛肉套餐.jpg,https://pigkiller-011955-1319328397.cos.ap-beijing.myqcloud.com/%23%20%E5%92%96%E5%96%B1%E7%89%9B%E8%82%89%E5%A5%97%E9%A4%90.jpg?q-sign-algorithm=sha1&q-ak=AKIDOosSoMqM6xFxI8Gt5Ixne8o8geZ-y7WDck4ZLZOGG-W8xQK0A6AqBuGVDXcFgBo8&q-sign-time=1722087543;1722091143&q-key-time=1722087543;1722091143&q-header-list=&q-url-param-list=&q-signature=19defd0ac0ad57e96d88126527b6de712205af9c&x-cos-security-token=OLhnY70Y5hWt7lAXQx5f3ePajI12Yhua3d8d30dd8e4434db73531c297ffbeddd0BeUvDO4IQwubfMbiLMoCShgxO1-clZDc3ZucUr8WeG6KJ-nwadv6fp1-VK1OOda2XW_2GuIVaY6yeyqehaQq9Ig69FUuCufRmcWqcFF7RrBNB0W4Mwau8ax3HFKVNoibWxWa1tze2nfkn92_OBS8_MWw3mPWdCPE-kJYEDkJdxzxlV0mX2B4bOtLWjB-1X_L5g2fHSBXsaasykl7u0E6E677cK2Brf6o0MexlBvgp4FctpurEDkPWz7OoX3dIo9zlRkUrkn-AjAXMeqRr2lxWwhA87y2MnOnUxQDVxXBMSd4uvdNoIT_u6HcxC0BiYxOeUfT7YaDI1Vj7FpYnsXd9Qh2X0nW3-fV0InOce0XJzlZam6EwWMKP2RqAK4jnik3in8G7CoeLpfCH7-edkJedODOiISXhw7JI0YwnlHTIemhJcO4QkOOjEbmm7YMs2uVNAwxUKC8ijXWlPiLX_yiOkzcm3-XuivqQOad5kgGauzN4utwyz9LU2N-CZFOtAPYvt7_o8Q0WwyfgOIeEUUaMszlPVZ9wq9dYKqtl5YBEHdbPvzwXqGBis9SSLoHrdv3vI5HksTi37EgdY1D4ZRlt7OThe5-__tF6R8V22s8c5KU9vLtN0oiajx_01wM2CtjvPOd1-WeHt0x9SwAXk8Xm1NaaB8rReL7NR53zbxxv4FHImT3CF0Ujev_DAzdeG2MBVG6XOCPDgOc8pG-_ZTdBd9HC5llzRwLouCcNbk77bfoRRg88s5pBTE79nN_CZu4rppSJaYvb-nZkDH6ZjvBqQ6pwHHMIbW4OtAn3DeOX-2vE0RVvYqRhbdc1CV8m-kQ1gQIdUGbIt-vvyRLZmI2xFW2g7dobFPMqkElqb0b7zRB7QaxhIC6NpF9Fu-wk7u-To9lwkZ9WpBxjDz57Ocj7C0alcB8Gs2jMUYcwnzsFSXiFdPX3oxG6Mf-5SKzrpduPuQ9GCfizc6UiSMn66f8NF4WJK2c9nlOP7PJ7nEb4Y4Gi2cFRT1YT2kBJP_WAPaN8gLbAe943nQwLNl--vBnLGw5V-Px_dIsoRJD6SL0nmSugKyQziwq-tOn9fB7SQ15W4Wsg2A7sZtSD4dhlOwhfcobxkl-mOylaVc6XEtu0ed6hKZvhCGD-jgrdtfEwG1MIM4tuJjTU0ruQ4X5C4FL_YLr8veJSKsSUEpot9o_PHE4NMvBgVH4N_NlWgxD9d1GVWfTxEzp6vz6Yu1M1POFWNy8oSMBBtE1PXvIIMR8Kc
# 四川烤苕皮加鸡柳.jpg,https://pigkiller-011955-1319328397.cos.ap-beijing.myqcloud.com/%23%20%E5%9B%9B%E5%B7%9D%E7%83%A4%E8%8B%95%E7%9A%AE%E5%8A%A0%E9%B8%A1%E6%9F%B3.jpg?q-sign-algorithm=sha1&q-ak=AKIDOosSoMqM6xFxI8Gt5Ixne8o8geZ-y7WDck4ZLZOGG-W8xQK0A6AqBuGVDXcFgBo8&q-sign-time=1722087543;1722091143&q-key-time=1722087543;1722091143&q-header-list=&q-url-param-list=&q-signature=1d13791e8331928b4f4825987f1b6e6679beb725&x-cos-security-token=OLhnY70Y5hWt7lAXQx5f3ePajI12Yhua3d8d30dd8e4434db73531c297ffbeddd0BeUvDO4IQwubfMbiLMoCShgxO1-clZDc3ZucUr8WeG6KJ-nwadv6fp1-VK1OOda2XW_2GuIVaY6yeyqehaQq9Ig69FUuCufRmcWqcFF7RrBNB0W4Mwau8ax3HFKVNoibWxWa1tze2nfkn92_OBS8_MWw3mPWdCPE-kJYEDkJdxzxlV0mX2B4bOtLWjB-1X_L5g2fHSBXsaasykl7u0E6E677cK2Brf6o0MexlBvgp4FctpurEDkPWz7OoX3dIo9zlRkUrkn-AjAXMeqRr2lxWwhA87y2MnOnUxQDVxXBMSd4uvdNoIT_u6HcxC0BiYxOeUfT7YaDI1Vj7FpYnsXd9Qh2X0nW3-fV0InOce0XJzlZam6EwWMKP2RqAK4jnik3in8G7CoeLpfCH7-edkJedODOiISXhw7JI0YwnlHTIemhJcO4QkOOjEbmm7YMs2uVNAwxUKC8ijXWlPiLX_yiOkzcm3-XuivqQOad5kgGauzN4utwyz9LU2N-CZFOtAPYvt7_o8Q0WwyfgOIeEUUaMszlPVZ9wq9dYKqtl5YBEHdbPvzwXqGBis9SSLoHrdv3vI5HksTi37EgdY1D4ZRlt7OThe5-__tF6R8V22s8c5KU9vLtN0oiajx_01wM2CtjvPOd1-WeHt0x9SwAXk8Xm1NaaB8rReL7NR53zbxxv4FHImT3CF0Ujev_DAzdeG2MBVG6XOCPDgOc8pG-_ZTdBd9HC5llzRwLouCcNbk77bfoRRg88s5pBTE79nN_CZu4rppSJaYvb-nZkDH6ZjvBqQ6pwHHMIbW4OtAn3DeOX-2vE0RVvYqRhbdc1CV8m-kQ1gQIdUGbIt-vvyRLZmI2xFW2g7dobFPMqkElqb0b7zRB7QaxhIC6NpF9Fu-wk7u-To9lwkZ9WpBxjDz57Ocj7C0alcB8Gs2jMUYcwnzsFSXiFdPX3oxG6Mf-5SKzrpduPuQ9GCfizc6UiSMn66f8NF4WJK2c9nlOP7PJ7nEb4Y4Gi2cFRT1YT2kBJP_WAPaN8gLbAe943nQwLNl--vBnLGw5V-Px_dIsoRJD6SL0nmSugKyQziwq-tOn9fB7SQ15W4Wsg2A7sZtSD4dhlOwhfcobxkl-mOylaVc6XEtu0ed6hKZvhCGD-jgrdtfEwG1MIM4tuJjTU0ruQ4X5C4FL_YLr8veJSKsSUEpot9o_PHE4NMvBgVH4N_NlWgxD9d1GVWfTxEzp6vz6Yu1M1POFWNy8oSMBBtE1PXvIIMR8Kc
# 回锅牛肉盖饭.jpg,https://pigkiller-011955-1319328397.cos.ap-beijing.myqcloud.com/%23%20%E5%9B%9E%E9%94%85%E7%89%9B%E8%82%89%E7%9B%96%E9%A5%AD.jpg?q-sign-algorithm=sha1&q-ak=AKIDOosSoMqM6xFxI8Gt5Ixne8o8geZ-y7WDck4ZLZOGG-W8xQK0A6AqBuGVDXcFgBo8&q-sign-time=1722087543;1722091143&q-key-time=1722087543;1722091143&q-header-list=&q-url-param-list=&q-signature=c89605fb6b7abfc883afef5c3a02aebcc2fda288&x-cos-security-token=OLhnY70Y5hWt7lAXQx5f3ePajI12Yhua3d8d30dd8e4434db73531c297ffbeddd0BeUvDO4IQwubfMbiLMoCShgxO1-clZDc3ZucUr8WeG6KJ-nwadv6fp1-VK1OOda2XW_2GuIVaY6yeyqehaQq9Ig69FUuCufRmcWqcFF7RrBNB0W4Mwau8ax3HFKVNoibWxWa1tze2nfkn92_OBS8_MWw3mPWdCPE-kJYEDkJdxzxlV0mX2B4bOtLWjB-1X_L5g2fHSBXsaasykl7u0E6E677cK2Brf6o0MexlBvgp4FctpurEDkPWz7OoX3dIo9zlRkUrkn-AjAXMeqRr2lxWwhA87y2MnOnUxQDVxXBMSd4uvdNoIT_u6HcxC0BiYxOeUfT7YaDI1Vj7FpYnsXd9Qh2X0nW3-fV0InOce0XJzlZam6EwWMKP2RqAK4jnik3in8G7CoeLpfCH7-edkJedODOiISXhw7JI0YwnlHTIemhJcO4QkOOjEbmm7YMs2uVNAwxUKC8ijXWlPiLX_yiOkzcm3-XuivqQOad5kgGauzN4utwyz9LU2N-CZFOtAPYvt7_o8Q0WwyfgOIeEUUaMszlPVZ9wq9dYKqtl5YBEHdbPvzwXqGBis9SSLoHrdv3vI5HksTi37EgdY1D4ZRlt7OThe5-__tF6R8V22s8c5KU9vLtN0oiajx_01wM2CtjvPOd1-WeHt0x9SwAXk8Xm1NaaB8rReL7NR53zbxxv4FHImT3CF0Ujev_DAzdeG2MBVG6XOCPDgOc8pG-_ZTdBd9HC5llzRwLouCcNbk77bfoRRg88s5pBTE79nN_CZu4rppSJaYvb-nZkDH6ZjvBqQ6pwHHMIbW4OtAn3DeOX-2vE0RVvYqRhbdc1CV8m-kQ1gQIdUGbIt-vvyRLZmI2xFW2g7dobFPMqkElqb0b7zRB7QaxhIC6NpF9Fu-wk7u-To9lwkZ9WpBxjDz57Ocj7C0alcB8Gs2jMUYcwnzsFSXiFdPX3oxG6Mf-5SKzrpduPuQ9GCfizc6UiSMn66f8NF4WJK2c9nlOP7PJ7nEb4Y4Gi2cFRT1YT2kBJP_WAPaN8gLbAe943nQwLNl--vBnLGw5V-Px_dIsoRJD6SL0nmSugKyQziwq-tOn9fB7SQ15W4Wsg2A7sZtSD4dhlOwhfcobxkl-mOylaVc6XEtu0ed6hKZvhCGD-jgrdtfEwG1MIM4tuJjTU0ruQ4X5C4FL_YLr8veJSKsSUEpot9o_PHE4NMvBgVH4N_NlWgxD9d1GVWfTxEzp6vz6Yu1M1POFWNy8oSMBBtE1PXvIIMR8Kc
# 孜然三宝.jpg,https://pigkiller-011955-1319328397.cos.ap-beijing.myqcloud.com/%23%20%E5%AD%9C%E7%84%B6%E4%B8%89%E5%AE%9D.jpg?q-sign-algorithm=sha1&q-ak=AKIDOosSoMqM6xFxI8Gt5Ixne8o8geZ-y7WDck4ZLZOGG-W8xQK0A6AqBuGVDXcFgBo8&q-sign-time=1722087543;1722091143&q-key-time=1722087543;1722091143&q-header-list=&q-url-param-list=&q-signature=8afb5f502f13121b76e0e6da0bf43771f0174dbe&x-cos-security-token=OLhnY70Y5hWt7lAXQx5f3ePajI12Yhua3d8d30dd8e4434db73531c297ffbeddd0BeUvDO4IQwubfMbiLMoCShgxO1-clZDc3ZucUr8WeG6KJ-nwadv6fp1-VK1OOda2XW_2GuIVaY6yeyqehaQq9Ig69FUuCufRmcWqcFF7RrBNB0W4Mwau8ax3HFKVNoibWxWa1tze2nfkn92_OBS8_MWw3mPWdCPE-kJYEDkJdxzxlV0mX2B4bOtLWjB-1X_L5g2fHSBXsaasykl7u0E6E677cK2Brf6o0MexlBvgp4FctpurEDkPWz7OoX3dIo9zlRkUrkn-AjAXMeqRr2lxWwhA87y2MnOnUxQDVxXBMSd4uvdNoIT_u6HcxC0BiYxOeUfT7YaDI1Vj7FpYnsXd9Qh2X0nW3-fV0InOce0XJzlZam6EwWMKP2RqAK4jnik3in8G7CoeLpfCH7-edkJedODOiISXhw7JI0YwnlHTIemhJcO4QkOOjEbmm7YMs2uVNAwxUKC8ijXWlPiLX_yiOkzcm3-XuivqQOad5kgGauzN4utwyz9LU2N-CZFOtAPYvt7_o8Q0WwyfgOIeEUUaMszlPVZ9wq9dYKqtl5YBEHdbPvzwXqGBis9SSLoHrdv3vI5HksTi37EgdY1D4ZRlt7OThe5-__tF6R8V22s8c5KU9vLtN0oiajx_01wM2CtjvPOd1-WeHt0x9SwAXk8Xm1NaaB8rReL7NR53zbxxv4FHImT3CF0Ujev_DAzdeG2MBVG6XOCPDgOc8pG-_ZTdBd9HC5llzRwLouCcNbk77bfoRRg88s5pBTE79nN_CZu4rppSJaYvb-nZkDH6ZjvBqQ6pwHHMIbW4OtAn3DeOX-2vE0RVvYqRhbdc1CV8m-kQ1gQIdUGbIt-vvyRLZmI2xFW2g7dobFPMqkElqb0b7zRB7QaxhIC6NpF9Fu-wk7u-To9lwkZ9WpBxjDz57Ocj7C0alcB8Gs2jMUYcwnzsFSXiFdPX3oxG6Mf-5SKzrpduPuQ9GCfizc6UiSMn66f8NF4WJK2c9nlOP7PJ7nEb4Y4Gi2cFRT1YT2kBJP_WAPaN8gLbAe943nQwLNl--vBnLGw5V-Px_dIsoRJD6SL0nmSugKyQziwq-tOn9fB7SQ15W4Wsg2A7sZtSD4dhlOwhfcobxkl-mOylaVc6XEtu0ed6hKZvhCGD-jgrdtfEwG1MIM4tuJjTU0ruQ4X5C4FL_YLr8veJSKsSUEpot9o_PHE4NMvBgVH4N_NlWgxD9d1GVWfTxEzp6vz6Yu1M1POFWNy8oSMBBtE1PXvIIMR8Kc
# 孜然烤鸭腿.jpg,https://pigkiller-011955-1319328397.cos.ap-beijing.myqcloud.com/%23%20%E5%AD%9C%E7%84%B6%E7%83%A4%E9%B8%AD%E8%85%BF.jpg?q-sign-algorithm=sha1&q-ak=AKIDOosSoMqM6xFxI8Gt5Ixne8o8geZ-y7WDck4ZLZOGG-W8xQK0A6AqBuGVDXcFgBo8&q-sign-time=1722087543;1722091143&q-key-time=1722087543;1722091143&q-header-list=&q-url-param-list=&q-signature=6756384907b89d25c7490e3adfb10c61528f5a8d&x-cos-security-token=OLhnY70Y5hWt7lAXQx5f3ePajI12Yhua3d8d30dd8e4434db73531c297ffbeddd0BeUvDO4IQwubfMbiLMoCShgxO1-clZDc3ZucUr8WeG6KJ-nwadv6fp1-VK1OOda2XW_2GuIVaY6yeyqehaQq9Ig69FUuCufRmcWqcFF7RrBNB0W4Mwau8ax3HFKVNoibWxWa1tze2nfkn92_OBS8_MWw3mPWdCPE-kJYEDkJdxzxlV0mX2B4bOtLWjB-1X_L5g2fHSBXsaasykl7u0E6E677cK2Brf6o0MexlBvgp4FctpurEDkPWz7OoX3dIo9zlRkUrkn-AjAXMeqRr2lxWwhA87y2MnOnUxQDVxXBMSd4uvdNoIT_u6HcxC0BiYxOeUfT7YaDI1Vj7FpYnsXd9Qh2X0nW3-fV0InOce0XJzlZam6EwWMKP2RqAK4jnik3in8G7CoeLpfCH7-edkJedODOiISXhw7JI0YwnlHTIemhJcO4QkOOjEbmm7YMs2uVNAwxUKC8ijXWlPiLX_yiOkzcm3-XuivqQOad5kgGauzN4utwyz9LU2N-CZFOtAPYvt7_o8Q0WwyfgOIeEUUaMszlPVZ9wq9dYKqtl5YBEHdbPvzwXqGBis9SSLoHrdv3vI5HksTi37EgdY1D4ZRlt7OThe5-__tF6R8V22s8c5KU9vLtN0oiajx_01wM2CtjvPOd1-WeHt0x9SwAXk8Xm1NaaB8rReL7NR53zbxxv4FHImT3CF0Ujev_DAzdeG2MBVG6XOCPDgOc8pG-_ZTdBd9HC5llzRwLouCcNbk77bfoRRg88s5pBTE79nN_CZu4rppSJaYvb-nZkDH6ZjvBqQ6pwHHMIbW4OtAn3DeOX-2vE0RVvYqRhbdc1CV8m-kQ1gQIdUGbIt-vvyRLZmI2xFW2g7dobFPMqkElqb0b7zRB7QaxhIC6NpF9Fu-wk7u-To9lwkZ9WpBxjDz57Ocj7C0alcB8Gs2jMUYcwnzsFSXiFdPX3oxG6Mf-5SKzrpduPuQ9GCfizc6UiSMn66f8NF4WJK2c9nlOP7PJ7nEb4Y4Gi2cFRT1YT2kBJP_WAPaN8gLbAe943nQwLNl--vBnLGw5V-Px_dIsoRJD6SL0nmSugKyQziwq-tOn9fB7SQ15W4Wsg2A7sZtSD4dhlOwhfcobxkl-mOylaVc6XEtu0ed6hKZvhCGD-jgrdtfEwG1MIM4tuJjTU0ruQ4X5C4FL_YLr8veJSKsSUEpot9o_PHE4NMvBgVH4N_NlWgxD9d1GVWfTxEzp6vz6Yu1M1POFWNy8oSMBBtE1PXvIIMR8Kc
# 宫爆脆溜虾.jpg,https://pigkiller-011955-1319328397.cos.ap-beijing.myqcloud.com/%23%20%E5%AE%AB%E7%88%86%E8%84%86%E6%BA%9C%E8%99%BE.jpg?q-sign-algorithm=sha1&q-ak=AKIDOosSoMqM6xFxI8Gt5Ixne8o8geZ-y7WDck4ZLZOGG-W8xQK0A6AqBuGVDXcFgBo8&q-sign-time=1722087543;1722091143&q-key-time=1722087543;1722091143&q-header-list=&q-url-param-list=&q-signature=d126903a955dfd01cd4bea1f7712d1544903dae8&x-cos-security-token=OLhnY70Y5hWt7lAXQx5f3ePajI12Yhua3d8d30dd8e4434db73531c297ffbeddd0BeUvDO4IQwubfMbiLMoCShgxO1-clZDc3ZucUr8WeG6KJ-nwadv6fp1-VK1OOda2XW_2GuIVaY6yeyqehaQq9Ig69FUuCufRmcWqcFF7RrBNB0W4Mwau8ax3HFKVNoibWxWa1tze2nfkn92_OBS8_MWw3mPWdCPE-kJYEDkJdxzxlV0mX2B4bOtLWjB-1X_L5g2fHSBXsaasykl7u0E6E677cK2Brf6o0MexlBvgp4FctpurEDkPWz7OoX3dIo9zlRkUrkn-AjAXMeqRr2lxWwhA87y2MnOnUxQDVxXBMSd4uvdNoIT_u6HcxC0BiYxOeUfT7YaDI1Vj7FpYnsXd9Qh2X0nW3-fV0InOce0XJzlZam6EwWMKP2RqAK4jnik3in8G7CoeLpfCH7-edkJedODOiISXhw7JI0YwnlHTIemhJcO4QkOOjEbmm7YMs2uVNAwxUKC8ijXWlPiLX_yiOkzcm3-XuivqQOad5kgGauzN4utwyz9LU2N-CZFOtAPYvt7_o8Q0WwyfgOIeEUUaMszlPVZ9wq9dYKqtl5YBEHdbPvzwXqGBis9SSLoHrdv3vI5HksTi37EgdY1D4ZRlt7OThe5-__tF6R8V22s8c5KU9vLtN0oiajx_01wM2CtjvPOd1-WeHt0x9SwAXk8Xm1NaaB8rReL7NR53zbxxv4FHImT3CF0Ujev_DAzdeG2MBVG6XOCPDgOc8pG-_ZTdBd9HC5llzRwLouCcNbk77bfoRRg88s5pBTE79nN_CZu4rppSJaYvb-nZkDH6ZjvBqQ6pwHHMIbW4OtAn3DeOX-2vE0RVvYqRhbdc1CV8m-kQ1gQIdUGbIt-vvyRLZmI2xFW2g7dobFPMqkElqb0b7zRB7QaxhIC6NpF9Fu-wk7u-To9lwkZ9WpBxjDz57Ocj7C0alcB8Gs2jMUYcwnzsFSXiFdPX3oxG6Mf-5SKzrpduPuQ9GCfizc6UiSMn66f8NF4WJK2c9nlOP7PJ7nEb4Y4Gi2cFRT1YT2kBJP_WAPaN8gLbAe943nQwLNl--vBnLGw5V-Px_dIsoRJD6SL0nmSugKyQziwq-tOn9fB7SQ15W4Wsg2A7sZtSD4dhlOwhfcobxkl-mOylaVc6XEtu0ed6hKZvhCGD-jgrdtfEwG1MIM4tuJjTU0ruQ4X5C4FL_YLr8veJSKsSUEpot9o_PHE4NMvBgVH4N_NlWgxD9d1GVWfTxEzp6vz6Yu1M1POFWNy8oSMBBtE1PXvIIMR8Kc
# 小米辣炒鸡胗.jpg,https://pigkiller-011955-1319328397.cos.ap-beijing.myqcloud.com/%23%20%E5%B0%8F%E7%B1%B3%E8%BE%A3%E7%82%92%E9%B8%A1%E8%83%97.jpg?q-sign-algorithm=sha1&q-ak=AKIDOosSoMqM6xFxI8Gt5Ixne8o8geZ-y7WDck4ZLZOGG-W8xQK0A6AqBuGVDXcFgBo8&q-sign-time=1722087543;1722091143&q-key-time=1722087543;1722091143&q-header-list=&q-url-param-list=&q-signature=b13adca439fe09996edfd2e7410256c441cb421b&x-cos-security-token=OLhnY70Y5hWt7lAXQx5f3ePajI12Yhua3d8d30dd8e4434db73531c297ffbeddd0BeUvDO4IQwubfMbiLMoCShgxO1-clZDc3ZucUr8WeG6KJ-nwadv6fp1-VK1OOda2XW_2GuIVaY6yeyqehaQq9Ig69FUuCufRmcWqcFF7RrBNB0W4Mwau8ax3HFKVNoibWxWa1tze2nfkn92_OBS8_MWw3mPWdCPE-kJYEDkJdxzxlV0mX2B4bOtLWjB-1X_L5g2fHSBXsaasykl7u0E6E677cK2Brf6o0MexlBvgp4FctpurEDkPWz7OoX3dIo9zlRkUrkn-AjAXMeqRr2lxWwhA87y2MnOnUxQDVxXBMSd4uvdNoIT_u6HcxC0BiYxOeUfT7YaDI1Vj7FpYnsXd9Qh2X0nW3-fV0InOce0XJzlZam6EwWMKP2RqAK4jnik3in8G7CoeLpfCH7-edkJedODOiISXhw7JI0YwnlHTIemhJcO4QkOOjEbmm7YMs2uVNAwxUKC8ijXWlPiLX_yiOkzcm3-XuivqQOad5kgGauzN4utwyz9LU2N-CZFOtAPYvt7_o8Q0WwyfgOIeEUUaMszlPVZ9wq9dYKqtl5YBEHdbPvzwXqGBis9SSLoHrdv3vI5HksTi37EgdY1D4ZRlt7OThe5-__tF6R8V22s8c5KU9vLtN0oiajx_01wM2CtjvPOd1-WeHt0x9SwAXk8Xm1NaaB8rReL7NR53zbxxv4FHImT3CF0Ujev_DAzdeG2MBVG6XOCPDgOc8pG-_ZTdBd9HC5llzRwLouCcNbk77bfoRRg88s5pBTE79nN_CZu4rppSJaYvb-nZkDH6ZjvBqQ6pwHHMIbW4OtAn3DeOX-2vE0RVvYqRhbdc1CV8m-kQ1gQIdUGbIt-vvyRLZmI2xFW2g7dobFPMqkElqb0b7zRB7QaxhIC6NpF9Fu-wk7u-To9lwkZ9WpBxjDz57Ocj7C0alcB8Gs2jMUYcwnzsFSXiFdPX3oxG6Mf-5SKzrpduPuQ9GCfizc6UiSMn66f8NF4WJK2c9nlOP7PJ7nEb4Y4Gi2cFRT1YT2kBJP_WAPaN8gLbAe943nQwLNl--vBnLGw5V-Px_dIsoRJD6SL0nmSugKyQziwq-tOn9fB7SQ15W4Wsg2A7sZtSD4dhlOwhfcobxkl-mOylaVc6XEtu0ed6hKZvhCGD-jgrdtfEwG1MIM4tuJjTU0ruQ4X5C4FL_YLr8veJSKsSUEpot9o_PHE4NMvBgVH4N_NlWgxD9d1GVWfTxEzp6vz6Yu1M1POFWNy8oSMBBtE1PXvIIMR8Kc
# 小鱼恋河虾.jpg,https://pigkiller-011955-1319328397.cos.ap-beijing.myqcloud.com/%23%20%E5%B0%8F%E9%B1%BC%E6%81%8B%E6%B2%B3%E8%99%BE.jpg?q-sign-algorithm=sha1&q-ak=AKIDOosSoMqM6xFxI8Gt5Ixne8o8geZ-y7WDck4ZLZOGG-W8xQK0A6AqBuGVDXcFgBo8&q-sign-time=1722087543;1722091143&q-key-time=1722087543;1722091143&q-header-list=&q-url-param-list=&q-signature=d40d3d2af51ccc801e6a07cc653d8d4f8992d8ef&x-cos-security-token=OLhnY70Y5hWt7lAXQx5f3ePajI12Yhua3d8d30dd8e4434db73531c297ffbeddd0BeUvDO4IQwubfMbiLMoCShgxO1-clZDc3ZucUr8WeG6KJ-nwadv6fp1-VK1OOda2XW_2GuIVaY6yeyqehaQq9Ig69FUuCufRmcWqcFF7RrBNB0W4Mwau8ax3HFKVNoibWxWa1tze2nfkn92_OBS8_MWw3mPWdCPE-kJYEDkJdxzxlV0mX2B4bOtLWjB-1X_L5g2fHSBXsaasykl7u0E6E677cK2Brf6o0MexlBvgp4FctpurEDkPWz7OoX3dIo9zlRkUrkn-AjAXMeqRr2lxWwhA87y2MnOnUxQDVxXBMSd4uvdNoIT_u6HcxC0BiYxOeUfT7YaDI1Vj7FpYnsXd9Qh2X0nW3-fV0InOce0XJzlZam6EwWMKP2RqAK4jnik3in8G7CoeLpfCH7-edkJedODOiISXhw7JI0YwnlHTIemhJcO4QkOOjEbmm7YMs2uVNAwxUKC8ijXWlPiLX_yiOkzcm3-XuivqQOad5kgGauzN4utwyz9LU2N-CZFOtAPYvt7_o8Q0WwyfgOIeEUUaMszlPVZ9wq9dYKqtl5YBEHdbPvzwXqGBis9SSLoHrdv3vI5HksTi37EgdY1D4ZRlt7OThe5-__tF6R8V22s8c5KU9vLtN0oiajx_01wM2CtjvPOd1-WeHt0x9SwAXk8Xm1NaaB8rReL7NR53zbxxv4FHImT3CF0Ujev_DAzdeG2MBVG6XOCPDgOc8pG-_ZTdBd9HC5llzRwLouCcNbk77bfoRRg88s5pBTE79nN_CZu4rppSJaYvb-nZkDH6ZjvBqQ6pwHHMIbW4OtAn3DeOX-2vE0RVvYqRhbdc1CV8m-kQ1gQIdUGbIt-vvyRLZmI2xFW2g7dobFPMqkElqb0b7zRB7QaxhIC6NpF9Fu-wk7u-To9lwkZ9WpBxjDz57Ocj7C0alcB8Gs2jMUYcwnzsFSXiFdPX3oxG6Mf-5SKzrpduPuQ9GCfizc6UiSMn66f8NF4WJK2c9nlOP7PJ7nEb4Y4Gi2cFRT1YT2kBJP_WAPaN8gLbAe943nQwLNl--vBnLGw5V-Px_dIsoRJD6SL0nmSugKyQziwq-tOn9fB7SQ15W4Wsg2A7sZtSD4dhlOwhfcobxkl-mOylaVc6XEtu0ed6hKZvhCGD-jgrdtfEwG1MIM4tuJjTU0ruQ4X5C4FL_YLr8veJSKsSUEpot9o_PHE4NMvBgVH4N_NlWgxD9d1GVWfTxEzp6vz6Yu1M1POFWNy8oSMBBtE1PXvIIMR8Kc
# 手抓饭.jpg,https://pigkiller-011955-1319328397.cos.ap-beijing.myqcloud.com/%23%20%E6%89%8B%E6%8A%93%E9%A5%AD.jpg?q-sign-algorithm=sha1&q-ak=AKIDOosSoMqM6xFxI8Gt5Ixne8o8geZ-y7WDck4ZLZOGG-W8xQK0A6AqBuGVDXcFgBo8&q-sign-time=1722087543;1722091143&q-key-time=1722087543;1722091143&q-header-list=&q-url-param-list=&q-signature=7371f5331a1821cf0f7602aa5fe0f078574d6a94&x-cos-security-token=OLhnY70Y5hWt7lAXQx5f3ePajI12Yhua3d8d30dd8e4434db73531c297ffbeddd0BeUvDO4IQwubfMbiLMoCShgxO1-clZDc3ZucUr8WeG6KJ-nwadv6fp1-VK1OOda2XW_2GuIVaY6yeyqehaQq9Ig69FUuCufRmcWqcFF7RrBNB0W4Mwau8ax3HFKVNoibWxWa1tze2nfkn92_OBS8_MWw3mPWdCPE-kJYEDkJdxzxlV0mX2B4bOtLWjB-1X_L5g2fHSBXsaasykl7u0E6E677cK2Brf6o0MexlBvgp4FctpurEDkPWz7OoX3dIo9zlRkUrkn-AjAXMeqRr2lxWwhA87y2MnOnUxQDVxXBMSd4uvdNoIT_u6HcxC0BiYxOeUfT7YaDI1Vj7FpYnsXd9Qh2X0nW3-fV0InOce0XJzlZam6EwWMKP2RqAK4jnik3in8G7CoeLpfCH7-edkJedODOiISXhw7JI0YwnlHTIemhJcO4QkOOjEbmm7YMs2uVNAwxUKC8ijXWlPiLX_yiOkzcm3-XuivqQOad5kgGauzN4utwyz9LU2N-CZFOtAPYvt7_o8Q0WwyfgOIeEUUaMszlPVZ9wq9dYKqtl5YBEHdbPvzwXqGBis9SSLoHrdv3vI5HksTi37EgdY1D4ZRlt7OThe5-__tF6R8V22s8c5KU9vLtN0oiajx_01wM2CtjvPOd1-WeHt0x9SwAXk8Xm1NaaB8rReL7NR53zbxxv4FHImT3CF0Ujev_DAzdeG2MBVG6XOCPDgOc8pG-_ZTdBd9HC5llzRwLouCcNbk77bfoRRg88s5pBTE79nN_CZu4rppSJaYvb-nZkDH6ZjvBqQ6pwHHMIbW4OtAn3DeOX-2vE0RVvYqRhbdc1CV8m-kQ1gQIdUGbIt-vvyRLZmI2xFW2g7dobFPMqkElqb0b7zRB7QaxhIC6NpF9Fu-wk7u-To9lwkZ9WpBxjDz57Ocj7C0alcB8Gs2jMUYcwnzsFSXiFdPX3oxG6Mf-5SKzrpduPuQ9GCfizc6UiSMn66f8NF4WJK2c9nlOP7PJ7nEb4Y4Gi2cFRT1YT2kBJP_WAPaN8gLbAe943nQwLNl--vBnLGw5V-Px_dIsoRJD6SL0nmSugKyQziwq-tOn9fB7SQ15W4Wsg2A7sZtSD4dhlOwhfcobxkl-mOylaVc6XEtu0ed6hKZvhCGD-jgrdtfEwG1MIM4tuJjTU0ruQ4X5C4FL_YLr8veJSKsSUEpot9o_PHE4NMvBgVH4N_NlWgxD9d1GVWfTxEzp6vz6Yu1M1POFWNy8oSMBBtE1PXvIIMR8Kc
# 把子肉套餐.jpg,https://pigkiller-011955-1319328397.cos.ap-beijing.myqcloud.com/%23%20%E6%8A%8A%E5%AD%90%E8%82%89%E5%A5%97%E9%A4%90.jpg?q-sign-algorithm=sha1&q-ak=AKIDOosSoMqM6xFxI8Gt5Ixne8o8geZ-y7WDck4ZLZOGG-W8xQK0A6AqBuGVDXcFgBo8&q-sign-time=1722087543;1722091143&q-key-time=1722087543;1722091143&q-header-list=&q-url-param-list=&q-signature=56cdf49d01d3119c3c2a1892646111e8bd3b2fd0&x-cos-security-token=OLhnY70Y5hWt7lAXQx5f3ePajI12Yhua3d8d30dd8e4434db73531c297ffbeddd0BeUvDO4IQwubfMbiLMoCShgxO1-clZDc3ZucUr8WeG6KJ-nwadv6fp1-VK1OOda2XW_2GuIVaY6yeyqehaQq9Ig69FUuCufRmcWqcFF7RrBNB0W4Mwau8ax3HFKVNoibWxWa1tze2nfkn92_OBS8_MWw3mPWdCPE-kJYEDkJdxzxlV0mX2B4bOtLWjB-1X_L5g2fHSBXsaasykl7u0E6E677cK2Brf6o0MexlBvgp4FctpurEDkPWz7OoX3dIo9zlRkUrkn-AjAXMeqRr2lxWwhA87y2MnOnUxQDVxXBMSd4uvdNoIT_u6HcxC0BiYxOeUfT7YaDI1Vj7FpYnsXd9Qh2X0nW3-fV0InOce0XJzlZam6EwWMKP2RqAK4jnik3in8G7CoeLpfCH7-edkJedODOiISXhw7JI0YwnlHTIemhJcO4QkOOjEbmm7YMs2uVNAwxUKC8ijXWlPiLX_yiOkzcm3-XuivqQOad5kgGauzN4utwyz9LU2N-CZFOtAPYvt7_o8Q0WwyfgOIeEUUaMszlPVZ9wq9dYKqtl5YBEHdbPvzwXqGBis9SSLoHrdv3vI5HksTi37EgdY1D4ZRlt7OThe5-__tF6R8V22s8c5KU9vLtN0oiajx_01wM2CtjvPOd1-WeHt0x9SwAXk8Xm1NaaB8rReL7NR53zbxxv4FHImT3CF0Ujev_DAzdeG2MBVG6XOCPDgOc8pG-_ZTdBd9HC5llzRwLouCcNbk77bfoRRg88s5pBTE79nN_CZu4rppSJaYvb-nZkDH6ZjvBqQ6pwHHMIbW4OtAn3DeOX-2vE0RVvYqRhbdc1CV8m-kQ1gQIdUGbIt-vvyRLZmI2xFW2g7dobFPMqkElqb0b7zRB7QaxhIC6NpF9Fu-wk7u-To9lwkZ9WpBxjDz57Ocj7C0alcB8Gs2jMUYcwnzsFSXiFdPX3oxG6Mf-5SKzrpduPuQ9GCfizc6UiSMn66f8NF4WJK2c9nlOP7PJ7nEb4Y4Gi2cFRT1YT2kBJP_WAPaN8gLbAe943nQwLNl--vBnLGw5V-Px_dIsoRJD6SL0nmSugKyQziwq-tOn9fB7SQ15W4Wsg2A7sZtSD4dhlOwhfcobxkl-mOylaVc6XEtu0ed6hKZvhCGD-jgrdtfEwG1MIM4tuJjTU0ruQ4X5C4FL_YLr8veJSKsSUEpot9o_PHE4NMvBgVH4N_NlWgxD9d1GVWfTxEzp6vz6Yu1M1POFWNy8oSMBBtE1PXvIIMR8Kc
# 招牌馋嘴鱼.jpg,https://pigkiller-011955-1319328397.cos.ap-beijing.myqcloud.com/%23%20%E6%8B%9B%E7%89%8C%E9%A6%8B%E5%98%B4%E9%B1%BC.jpg?q-sign-algorithm=sha1&q-ak=AKIDOosSoMqM6xFxI8Gt5Ixne8o8geZ-y7WDck4ZLZOGG-W8xQK0A6AqBuGVDXcFgBo8&q-sign-time=1722087543;1722091143&q-key-time=1722087543;1722091143&q-header-list=&q-url-param-list=&q-signature=92b0c38a51799125227950e1fcf5cbd58a9fa0ce&x-cos-security-token=OLhnY70Y5hWt7lAXQx5f3ePajI12Yhua3d8d30dd8e4434db73531c297ffbeddd0BeUvDO4IQwubfMbiLMoCShgxO1-clZDc3ZucUr8WeG6KJ-nwadv6fp1-VK1OOda2XW_2GuIVaY6yeyqehaQq9Ig69FUuCufRmcWqcFF7RrBNB0W4Mwau8ax3HFKVNoibWxWa1tze2nfkn92_OBS8_MWw3mPWdCPE-kJYEDkJdxzxlV0mX2B4bOtLWjB-1X_L5g2fHSBXsaasykl7u0E6E677cK2Brf6o0MexlBvgp4FctpurEDkPWz7OoX3dIo9zlRkUrkn-AjAXMeqRr2lxWwhA87y2MnOnUxQDVxXBMSd4uvdNoIT_u6HcxC0BiYxOeUfT7YaDI1Vj7FpYnsXd9Qh2X0nW3-fV0InOce0XJzlZam6EwWMKP2RqAK4jnik3in8G7CoeLpfCH7-edkJedODOiISXhw7JI0YwnlHTIemhJcO4QkOOjEbmm7YMs2uVNAwxUKC8ijXWlPiLX_yiOkzcm3-XuivqQOad5kgGauzN4utwyz9LU2N-CZFOtAPYvt7_o8Q0WwyfgOIeEUUaMszlPVZ9wq9dYKqtl5YBEHdbPvzwXqGBis9SSLoHrdv3vI5HksTi37EgdY1D4ZRlt7OThe5-__tF6R8V22s8c5KU9vLtN0oiajx_01wM2CtjvPOd1-WeHt0x9SwAXk8Xm1NaaB8rReL7NR53zbxxv4FHImT3CF0Ujev_DAzdeG2MBVG6XOCPDgOc8pG-_ZTdBd9HC5llzRwLouCcNbk77bfoRRg88s5pBTE79nN_CZu4rppSJaYvb-nZkDH6ZjvBqQ6pwHHMIbW4OtAn3DeOX-2vE0RVvYqRhbdc1CV8m-kQ1gQIdUGbIt-vvyRLZmI2xFW2g7dobFPMqkElqb0b7zRB7QaxhIC6NpF9Fu-wk7u-To9lwkZ9WpBxjDz57Ocj7C0alcB8Gs2jMUYcwnzsFSXiFdPX3oxG6Mf-5SKzrpduPuQ9GCfizc6UiSMn66f8NF4WJK2c9nlOP7PJ7nEb4Y4Gi2cFRT1YT2kBJP_WAPaN8gLbAe943nQwLNl--vBnLGw5V-Px_dIsoRJD6SL0nmSugKyQziwq-tOn9fB7SQ15W4Wsg2A7sZtSD4dhlOwhfcobxkl-mOylaVc6XEtu0ed6hKZvhCGD-jgrdtfEwG1MIM4tuJjTU0ruQ4X5C4FL_YLr8veJSKsSUEpot9o_PHE4NMvBgVH4N_NlWgxD9d1GVWfTxEzp6vz6Yu1M1POFWNy8oSMBBtE1PXvIIMR8Kc
# 板面.jpg,https://pigkiller-011955-1319328397.cos.ap-beijing.myqcloud.com/%23%20%E6%9D%BF%E9%9D%A2.jpg?q-sign-algorithm=sha1&q-ak=AKIDOosSoMqM6xFxI8Gt5Ixne8o8geZ-y7WDck4ZLZOGG-W8xQK0A6AqBuGVDXcFgBo8&q-sign-time=1722087543;1722091143&q-key-time=1722087543;1722091143&q-header-list=&q-url-param-list=&q-signature=b9492899e775e03cd46675dbd025a3572035d78f&x-cos-security-token=OLhnY70Y5hWt7lAXQx5f3ePajI12Yhua3d8d30dd8e4434db73531c297ffbeddd0BeUvDO4IQwubfMbiLMoCShgxO1-clZDc3ZucUr8WeG6KJ-nwadv6fp1-VK1OOda2XW_2GuIVaY6yeyqehaQq9Ig69FUuCufRmcWqcFF7RrBNB0W4Mwau8ax3HFKVNoibWxWa1tze2nfkn92_OBS8_MWw3mPWdCPE-kJYEDkJdxzxlV0mX2B4bOtLWjB-1X_L5g2fHSBXsaasykl7u0E6E677cK2Brf6o0MexlBvgp4FctpurEDkPWz7OoX3dIo9zlRkUrkn-AjAXMeqRr2lxWwhA87y2MnOnUxQDVxXBMSd4uvdNoIT_u6HcxC0BiYxOeUfT7YaDI1Vj7FpYnsXd9Qh2X0nW3-fV0InOce0XJzlZam6EwWMKP2RqAK4jnik3in8G7CoeLpfCH7-edkJedODOiISXhw7JI0YwnlHTIemhJcO4QkOOjEbmm7YMs2uVNAwxUKC8ijXWlPiLX_yiOkzcm3-XuivqQOad5kgGauzN4utwyz9LU2N-CZFOtAPYvt7_o8Q0WwyfgOIeEUUaMszlPVZ9wq9dYKqtl5YBEHdbPvzwXqGBis9SSLoHrdv3vI5HksTi37EgdY1D4ZRlt7OThe5-__tF6R8V22s8c5KU9vLtN0oiajx_01wM2CtjvPOd1-WeHt0x9SwAXk8Xm1NaaB8rReL7NR53zbxxv4FHImT3CF0Ujev_DAzdeG2MBVG6XOCPDgOc8pG-_ZTdBd9HC5llzRwLouCcNbk77bfoRRg88s5pBTE79nN_CZu4rppSJaYvb-nZkDH6ZjvBqQ6pwHHMIbW4OtAn3DeOX-2vE0RVvYqRhbdc1CV8m-kQ1gQIdUGbIt-vvyRLZmI2xFW2g7dobFPMqkElqb0b7zRB7QaxhIC6NpF9Fu-wk7u-To9lwkZ9WpBxjDz57Ocj7C0alcB8Gs2jMUYcwnzsFSXiFdPX3oxG6Mf-5SKzrpduPuQ9GCfizc6UiSMn66f8NF4WJK2c9nlOP7PJ7nEb4Y4Gi2cFRT1YT2kBJP_WAPaN8gLbAe943nQwLNl--vBnLGw5V-Px_dIsoRJD6SL0nmSugKyQziwq-tOn9fB7SQ15W4Wsg2A7sZtSD4dhlOwhfcobxkl-mOylaVc6XEtu0ed6hKZvhCGD-jgrdtfEwG1MIM4tuJjTU0ruQ4X5C4FL_YLr8veJSKsSUEpot9o_PHE4NMvBgVH4N_NlWgxD9d1GVWfTxEzp6vz6Yu1M1POFWNy8oSMBBtE1PXvIIMR8Kc
# 沙拉年糕串.jpg,https://pigkiller-011955-1319328397.cos.ap-beijing.myqcloud.com/%23%20%E6%B2%99%E6%8B%89%E5%B9%B4%E7%B3%95%E4%B8%B2.jpg?q-sign-algorithm=sha1&q-ak=AKIDOosSoMqM6xFxI8Gt5Ixne8o8geZ-y7WDck4ZLZOGG-W8xQK0A6AqBuGVDXcFgBo8&q-sign-time=1722087543;1722091143&q-key-time=1722087543;1722091143&q-header-list=&q-url-param-list=&q-signature=a085d739b5c289cd0c79f52798de0f07a9173aed&x-cos-security-token=OLhnY70Y5hWt7lAXQx5f3ePajI12Yhua3d8d30dd8e4434db73531c297ffbeddd0BeUvDO4IQwubfMbiLMoCShgxO1-clZDc3ZucUr8WeG6KJ-nwadv6fp1-VK1OOda2XW_2GuIVaY6yeyqehaQq9Ig69FUuCufRmcWqcFF7RrBNB0W4Mwau8ax3HFKVNoibWxWa1tze2nfkn92_OBS8_MWw3mPWdCPE-kJYEDkJdxzxlV0mX2B4bOtLWjB-1X_L5g2fHSBXsaasykl7u0E6E677cK2Brf6o0MexlBvgp4FctpurEDkPWz7OoX3dIo9zlRkUrkn-AjAXMeqRr2lxWwhA87y2MnOnUxQDVxXBMSd4uvdNoIT_u6HcxC0BiYxOeUfT7YaDI1Vj7FpYnsXd9Qh2X0nW3-fV0InOce0XJzlZam6EwWMKP2RqAK4jnik3in8G7CoeLpfCH7-edkJedODOiISXhw7JI0YwnlHTIemhJcO4QkOOjEbmm7YMs2uVNAwxUKC8ijXWlPiLX_yiOkzcm3-XuivqQOad5kgGauzN4utwyz9LU2N-CZFOtAPYvt7_o8Q0WwyfgOIeEUUaMszlPVZ9wq9dYKqtl5YBEHdbPvzwXqGBis9SSLoHrdv3vI5HksTi37EgdY1D4ZRlt7OThe5-__tF6R8V22s8c5KU9vLtN0oiajx_01wM2CtjvPOd1-WeHt0x9SwAXk8Xm1NaaB8rReL7NR53zbxxv4FHImT3CF0Ujev_DAzdeG2MBVG6XOCPDgOc8pG-_ZTdBd9HC5llzRwLouCcNbk77bfoRRg88s5pBTE79nN_CZu4rppSJaYvb-nZkDH6ZjvBqQ6pwHHMIbW4OtAn3DeOX-2vE0RVvYqRhbdc1CV8m-kQ1gQIdUGbIt-vvyRLZmI2xFW2g7dobFPMqkElqb0b7zRB7QaxhIC6NpF9Fu-wk7u-To9lwkZ9WpBxjDz57Ocj7C0alcB8Gs2jMUYcwnzsFSXiFdPX3oxG6Mf-5SKzrpduPuQ9GCfizc6UiSMn66f8NF4WJK2c9nlOP7PJ7nEb4Y4Gi2cFRT1YT2kBJP_WAPaN8gLbAe943nQwLNl--vBnLGw5V-Px_dIsoRJD6SL0nmSugKyQziwq-tOn9fB7SQ15W4Wsg2A7sZtSD4dhlOwhfcobxkl-mOylaVc6XEtu0ed6hKZvhCGD-jgrdtfEwG1MIM4tuJjTU0ruQ4X5C4FL_YLr8veJSKsSUEpot9o_PHE4NMvBgVH4N_NlWgxD9d1GVWfTxEzp6vz6Yu1M1POFWNy8oSMBBtE1PXvIIMR8Kc
# 炸椰奶.jpg,https://pigkiller-011955-1319328397.cos.ap-beijing.myqcloud.com/%23%20%E7%82%B8%E6%A4%B0%E5%A5%B6.jpg?q-sign-algorithm=sha1&q-ak=AKIDOosSoMqM6xFxI8Gt5Ixne8o8geZ-y7WDck4ZLZOGG-W8xQK0A6AqBuGVDXcFgBo8&q-sign-time=1722087543;1722091143&q-key-time=1722087543;1722091143&q-header-list=&q-url-param-list=&q-signature=a68ad0c5e170a86d0f2c3b10f690ef621a42a9a4&x-cos-security-token=OLhnY70Y5hWt7lAXQx5f3ePajI12Yhua3d8d30dd8e4434db73531c297ffbeddd0BeUvDO4IQwubfMbiLMoCShgxO1-clZDc3ZucUr8WeG6KJ-nwadv6fp1-VK1OOda2XW_2GuIVaY6yeyqehaQq9Ig69FUuCufRmcWqcFF7RrBNB0W4Mwau8ax3HFKVNoibWxWa1tze2nfkn92_OBS8_MWw3mPWdCPE-kJYEDkJdxzxlV0mX2B4bOtLWjB-1X_L5g2fHSBXsaasykl7u0E6E677cK2Brf6o0MexlBvgp4FctpurEDkPWz7OoX3dIo9zlRkUrkn-AjAXMeqRr2lxWwhA87y2MnOnUxQDVxXBMSd4uvdNoIT_u6HcxC0BiYxOeUfT7YaDI1Vj7FpYnsXd9Qh2X0nW3-fV0InOce0XJzlZam6EwWMKP2RqAK4jnik3in8G7CoeLpfCH7-edkJedODOiISXhw7JI0YwnlHTIemhJcO4QkOOjEbmm7YMs2uVNAwxUKC8ijXWlPiLX_yiOkzcm3-XuivqQOad5kgGauzN4utwyz9LU2N-CZFOtAPYvt7_o8Q0WwyfgOIeEUUaMszlPVZ9wq9dYKqtl5YBEHdbPvzwXqGBis9SSLoHrdv3vI5HksTi37EgdY1D4ZRlt7OThe5-__tF6R8V22s8c5KU9vLtN0oiajx_01wM2CtjvPOd1-WeHt0x9SwAXk8Xm1NaaB8rReL7NR53zbxxv4FHImT3CF0Ujev_DAzdeG2MBVG6XOCPDgOc8pG-_ZTdBd9HC5llzRwLouCcNbk77bfoRRg88s5pBTE79nN_CZu4rppSJaYvb-nZkDH6ZjvBqQ6pwHHMIbW4OtAn3DeOX-2vE0RVvYqRhbdc1CV8m-kQ1gQIdUGbIt-vvyRLZmI2xFW2g7dobFPMqkElqb0b7zRB7QaxhIC6NpF9Fu-wk7u-To9lwkZ9WpBxjDz57Ocj7C0alcB8Gs2jMUYcwnzsFSXiFdPX3oxG6Mf-5SKzrpduPuQ9GCfizc6UiSMn66f8NF4WJK2c9nlOP7PJ7nEb4Y4Gi2cFRT1YT2kBJP_WAPaN8gLbAe943nQwLNl--vBnLGw5V-Px_dIsoRJD6SL0nmSugKyQziwq-tOn9fB7SQ15W4Wsg2A7sZtSD4dhlOwhfcobxkl-mOylaVc6XEtu0ed6hKZvhCGD-jgrdtfEwG1MIM4tuJjTU0ruQ4X5C4FL_YLr8veJSKsSUEpot9o_PHE4NMvBgVH4N_NlWgxD9d1GVWfTxEzp6vz6Yu1M1POFWNy8oSMBBtE1PXvIIMR8Kc
# 烧汁饭系列.jpg,https://pigkiller-011955-1319328397.cos.ap-beijing.myqcloud.com/%23%20%E7%83%A7%E6%B1%81%E9%A5%AD%E7%B3%BB%E5%88%97.jpg?q-sign-algorithm=sha1&q-ak=AKIDOosSoMqM6xFxI8Gt5Ixne8o8geZ-y7WDck4ZLZOGG-W8xQK0A6AqBuGVDXcFgBo8&q-sign-time=1722087543;1722091143&q-key-time=1722087543;1722091143&q-header-list=&q-url-param-list=&q-signature=a735743abe18384203d0d8450a61c8bbe34b677d&x-cos-security-token=OLhnY70Y5hWt7lAXQx5f3ePajI12Yhua3d8d30dd8e4434db73531c297ffbeddd0BeUvDO4IQwubfMbiLMoCShgxO1-clZDc3ZucUr8WeG6KJ-nwadv6fp1-VK1OOda2XW_2GuIVaY6yeyqehaQq9Ig69FUuCufRmcWqcFF7RrBNB0W4Mwau8ax3HFKVNoibWxWa1tze2nfkn92_OBS8_MWw3mPWdCPE-kJYEDkJdxzxlV0mX2B4bOtLWjB-1X_L5g2fHSBXsaasykl7u0E6E677cK2Brf6o0MexlBvgp4FctpurEDkPWz7OoX3dIo9zlRkUrkn-AjAXMeqRr2lxWwhA87y2MnOnUxQDVxXBMSd4uvdNoIT_u6HcxC0BiYxOeUfT7YaDI1Vj7FpYnsXd9Qh2X0nW3-fV0InOce0XJzlZam6EwWMKP2RqAK4jnik3in8G7CoeLpfCH7-edkJedODOiISXhw7JI0YwnlHTIemhJcO4QkOOjEbmm7YMs2uVNAwxUKC8ijXWlPiLX_yiOkzcm3-XuivqQOad5kgGauzN4utwyz9LU2N-CZFOtAPYvt7_o8Q0WwyfgOIeEUUaMszlPVZ9wq9dYKqtl5YBEHdbPvzwXqGBis9SSLoHrdv3vI5HksTi37EgdY1D4ZRlt7OThe5-__tF6R8V22s8c5KU9vLtN0oiajx_01wM2CtjvPOd1-WeHt0x9SwAXk8Xm1NaaB8rReL7NR53zbxxv4FHImT3CF0Ujev_DAzdeG2MBVG6XOCPDgOc8pG-_ZTdBd9HC5llzRwLouCcNbk77bfoRRg88s5pBTE79nN_CZu4rppSJaYvb-nZkDH6ZjvBqQ6pwHHMIbW4OtAn3DeOX-2vE0RVvYqRhbdc1CV8m-kQ1gQIdUGbIt-vvyRLZmI2xFW2g7dobFPMqkElqb0b7zRB7QaxhIC6NpF9Fu-wk7u-To9lwkZ9WpBxjDz57Ocj7C0alcB8Gs2jMUYcwnzsFSXiFdPX3oxG6Mf-5SKzrpduPuQ9GCfizc6UiSMn66f8NF4WJK2c9nlOP7PJ7nEb4Y4Gi2cFRT1YT2kBJP_WAPaN8gLbAe943nQwLNl--vBnLGw5V-Px_dIsoRJD6SL0nmSugKyQziwq-tOn9fB7SQ15W4Wsg2A7sZtSD4dhlOwhfcobxkl-mOylaVc6XEtu0ed6hKZvhCGD-jgrdtfEwG1MIM4tuJjTU0ruQ4X5C4FL_YLr8veJSKsSUEpot9o_PHE4NMvBgVH4N_NlWgxD9d1GVWfTxEzp6vz6Yu1M1POFWNy8oSMBBtE1PXvIIMR8Kc
# 烩菜.jpg,https://pigkiller-011955-1319328397.cos.ap-beijing.myqcloud.com/%23%20%E7%83%A9%E8%8F%9C.jpg?q-sign-algorithm=sha1&q-ak=AKIDOosSoMqM6xFxI8Gt5Ixne8o8geZ-y7WDck4ZLZOGG-W8xQK0A6AqBuGVDXcFgBo8&q-sign-time=1722087543;1722091143&q-key-time=1722087543;1722091143&q-header-list=&q-url-param-list=&q-signature=8907f48a24dc1ddc1c1bd515c1c6abd51fdada10&x-cos-security-token=OLhnY70Y5hWt7lAXQx5f3ePajI12Yhua3d8d30dd8e4434db73531c297ffbeddd0BeUvDO4IQwubfMbiLMoCShgxO1-clZDc3ZucUr8WeG6KJ-nwadv6fp1-VK1OOda2XW_2GuIVaY6yeyqehaQq9Ig69FUuCufRmcWqcFF7RrBNB0W4Mwau8ax3HFKVNoibWxWa1tze2nfkn92_OBS8_MWw3mPWdCPE-kJYEDkJdxzxlV0mX2B4bOtLWjB-1X_L5g2fHSBXsaasykl7u0E6E677cK2Brf6o0MexlBvgp4FctpurEDkPWz7OoX3dIo9zlRkUrkn-AjAXMeqRr2lxWwhA87y2MnOnUxQDVxXBMSd4uvdNoIT_u6HcxC0BiYxOeUfT7YaDI1Vj7FpYnsXd9Qh2X0nW3-fV0InOce0XJzlZam6EwWMKP2RqAK4jnik3in8G7CoeLpfCH7-edkJedODOiISXhw7JI0YwnlHTIemhJcO4QkOOjEbmm7YMs2uVNAwxUKC8ijXWlPiLX_yiOkzcm3-XuivqQOad5kgGauzN4utwyz9LU2N-CZFOtAPYvt7_o8Q0WwyfgOIeEUUaMszlPVZ9wq9dYKqtl5YBEHdbPvzwXqGBis9SSLoHrdv3vI5HksTi37EgdY1D4ZRlt7OThe5-__tF6R8V22s8c5KU9vLtN0oiajx_01wM2CtjvPOd1-WeHt0x9SwAXk8Xm1NaaB8rReL7NR53zbxxv4FHImT3CF0Ujev_DAzdeG2MBVG6XOCPDgOc8pG-_ZTdBd9HC5llzRwLouCcNbk77bfoRRg88s5pBTE79nN_CZu4rppSJaYvb-nZkDH6ZjvBqQ6pwHHMIbW4OtAn3DeOX-2vE0RVvYqRhbdc1CV8m-kQ1gQIdUGbIt-vvyRLZmI2xFW2g7dobFPMqkElqb0b7zRB7QaxhIC6NpF9Fu-wk7u-To9lwkZ9WpBxjDz57Ocj7C0alcB8Gs2jMUYcwnzsFSXiFdPX3oxG6Mf-5SKzrpduPuQ9GCfizc6UiSMn66f8NF4WJK2c9nlOP7PJ7nEb4Y4Gi2cFRT1YT2kBJP_WAPaN8gLbAe943nQwLNl--vBnLGw5V-Px_dIsoRJD6SL0nmSugKyQziwq-tOn9fB7SQ15W4Wsg2A7sZtSD4dhlOwhfcobxkl-mOylaVc6XEtu0ed6hKZvhCGD-jgrdtfEwG1MIM4tuJjTU0ruQ4X5C4FL_YLr8veJSKsSUEpot9o_PHE4NMvBgVH4N_NlWgxD9d1GVWfTxEzp6vz6Yu1M1POFWNy8oSMBBtE1PXvIIMR8Kc
# 热卤系列.jpg,https://pigkiller-011955-1319328397.cos.ap-beijing.myqcloud.com/%23%20%E7%83%AD%E5%8D%A4%E7%B3%BB%E5%88%97.jpg?q-sign-algorithm=sha1&q-ak=AKIDOosSoMqM6xFxI8Gt5Ixne8o8geZ-y7WDck4ZLZOGG-W8xQK0A6AqBuGVDXcFgBo8&q-sign-time=1722087543;1722091143&q-key-time=1722087543;1722091143&q-header-list=&q-url-param-list=&q-signature=b9ee0f795fd2c9d2cbc1ad7b00bbbe8833b1a5f6&x-cos-security-token=OLhnY70Y5hWt7lAXQx5f3ePajI12Yhua3d8d30dd8e4434db73531c297ffbeddd0BeUvDO4IQwubfMbiLMoCShgxO1-clZDc3ZucUr8WeG6KJ-nwadv6fp1-VK1OOda2XW_2GuIVaY6yeyqehaQq9Ig69FUuCufRmcWqcFF7RrBNB0W4Mwau8ax3HFKVNoibWxWa1tze2nfkn92_OBS8_MWw3mPWdCPE-kJYEDkJdxzxlV0mX2B4bOtLWjB-1X_L5g2fHSBXsaasykl7u0E6E677cK2Brf6o0MexlBvgp4FctpurEDkPWz7OoX3dIo9zlRkUrkn-AjAXMeqRr2lxWwhA87y2MnOnUxQDVxXBMSd4uvdNoIT_u6HcxC0BiYxOeUfT7YaDI1Vj7FpYnsXd9Qh2X0nW3-fV0InOce0XJzlZam6EwWMKP2RqAK4jnik3in8G7CoeLpfCH7-edkJedODOiISXhw7JI0YwnlHTIemhJcO4QkOOjEbmm7YMs2uVNAwxUKC8ijXWlPiLX_yiOkzcm3-XuivqQOad5kgGauzN4utwyz9LU2N-CZFOtAPYvt7_o8Q0WwyfgOIeEUUaMszlPVZ9wq9dYKqtl5YBEHdbPvzwXqGBis9SSLoHrdv3vI5HksTi37EgdY1D4ZRlt7OThe5-__tF6R8V22s8c5KU9vLtN0oiajx_01wM2CtjvPOd1-WeHt0x9SwAXk8Xm1NaaB8rReL7NR53zbxxv4FHImT3CF0Ujev_DAzdeG2MBVG6XOCPDgOc8pG-_ZTdBd9HC5llzRwLouCcNbk77bfoRRg88s5pBTE79nN_CZu4rppSJaYvb-nZkDH6ZjvBqQ6pwHHMIbW4OtAn3DeOX-2vE0RVvYqRhbdc1CV8m-kQ1gQIdUGbIt-vvyRLZmI2xFW2g7dobFPMqkElqb0b7zRB7QaxhIC6NpF9Fu-wk7u-To9lwkZ9WpBxjDz57Ocj7C0alcB8Gs2jMUYcwnzsFSXiFdPX3oxG6Mf-5SKzrpduPuQ9GCfizc6UiSMn66f8NF4WJK2c9nlOP7PJ7nEb4Y4Gi2cFRT1YT2kBJP_WAPaN8gLbAe943nQwLNl--vBnLGw5V-Px_dIsoRJD6SL0nmSugKyQziwq-tOn9fB7SQ15W4Wsg2A7sZtSD4dhlOwhfcobxkl-mOylaVc6XEtu0ed6hKZvhCGD-jgrdtfEwG1MIM4tuJjTU0ruQ4X5C4FL_YLr8veJSKsSUEpot9o_PHE4NMvBgVH4N_NlWgxD9d1GVWfTxEzp6vz6Yu1M1POFWNy8oSMBBtE1PXvIIMR8Kc
# 焖猪蹄套餐.jpg,https://pigkiller-011955-1319328397.cos.ap-beijing.myqcloud.com/%23%20%E7%84%96%E7%8C%AA%E8%B9%84%E5%A5%97%E9%A4%90.jpg?q-sign-algorithm=sha1&q-ak=AKIDOosSoMqM6xFxI8Gt5Ixne8o8geZ-y7WDck4ZLZOGG-W8xQK0A6AqBuGVDXcFgBo8&q-sign-time=1722087543;1722091143&q-key-time=1722087543;1722091143&q-header-list=&q-url-param-list=&q-signature=8d2113b3494422f9edeeb01058922a955f49b7ab&x-cos-security-token=OLhnY70Y5hWt7lAXQx5f3ePajI12Yhua3d8d30dd8e4434db73531c297ffbeddd0BeUvDO4IQwubfMbiLMoCShgxO1-clZDc3ZucUr8WeG6KJ-nwadv6fp1-VK1OOda2XW_2GuIVaY6yeyqehaQq9Ig69FUuCufRmcWqcFF7RrBNB0W4Mwau8ax3HFKVNoibWxWa1tze2nfkn92_OBS8_MWw3mPWdCPE-kJYEDkJdxzxlV0mX2B4bOtLWjB-1X_L5g2fHSBXsaasykl7u0E6E677cK2Brf6o0MexlBvgp4FctpurEDkPWz7OoX3dIo9zlRkUrkn-AjAXMeqRr2lxWwhA87y2MnOnUxQDVxXBMSd4uvdNoIT_u6HcxC0BiYxOeUfT7YaDI1Vj7FpYnsXd9Qh2X0nW3-fV0InOce0XJzlZam6EwWMKP2RqAK4jnik3in8G7CoeLpfCH7-edkJedODOiISXhw7JI0YwnlHTIemhJcO4QkOOjEbmm7YMs2uVNAwxUKC8ijXWlPiLX_yiOkzcm3-XuivqQOad5kgGauzN4utwyz9LU2N-CZFOtAPYvt7_o8Q0WwyfgOIeEUUaMszlPVZ9wq9dYKqtl5YBEHdbPvzwXqGBis9SSLoHrdv3vI5HksTi37EgdY1D4ZRlt7OThe5-__tF6R8V22s8c5KU9vLtN0oiajx_01wM2CtjvPOd1-WeHt0x9SwAXk8Xm1NaaB8rReL7NR53zbxxv4FHImT3CF0Ujev_DAzdeG2MBVG6XOCPDgOc8pG-_ZTdBd9HC5llzRwLouCcNbk77bfoRRg88s5pBTE79nN_CZu4rppSJaYvb-nZkDH6ZjvBqQ6pwHHMIbW4OtAn3DeOX-2vE0RVvYqRhbdc1CV8m-kQ1gQIdUGbIt-vvyRLZmI2xFW2g7dobFPMqkElqb0b7zRB7QaxhIC6NpF9Fu-wk7u-To9lwkZ9WpBxjDz57Ocj7C0alcB8Gs2jMUYcwnzsFSXiFdPX3oxG6Mf-5SKzrpduPuQ9GCfizc6UiSMn66f8NF4WJK2c9nlOP7PJ7nEb4Y4Gi2cFRT1YT2kBJP_WAPaN8gLbAe943nQwLNl--vBnLGw5V-Px_dIsoRJD6SL0nmSugKyQziwq-tOn9fB7SQ15W4Wsg2A7sZtSD4dhlOwhfcobxkl-mOylaVc6XEtu0ed6hKZvhCGD-jgrdtfEwG1MIM4tuJjTU0ruQ4X5C4FL_YLr8veJSKsSUEpot9o_PHE4NMvBgVH4N_NlWgxD9d1GVWfTxEzp6vz6Yu1M1POFWNy8oSMBBtE1PXvIIMR8Kc
# 牛奶燕麦粥.jpg,https://pigkiller-011955-1319328397.cos.ap-beijing.myqcloud.com/%23%20%E7%89%9B%E5%A5%B6%E7%87%95%E9%BA%A6%E7%B2%A5.jpg?q-sign-algorithm=sha1&q-ak=AKIDOosSoMqM6xFxI8Gt5Ixne8o8geZ-y7WDck4ZLZOGG-W8xQK0A6AqBuGVDXcFgBo8&q-sign-time=1722087543;1722091143&q-key-time=1722087543;1722091143&q-header-list=&q-url-param-list=&q-signature=7f1bc96e361d907dd8d327601210fa5572606b98&x-cos-security-token=OLhnY70Y5hWt7lAXQx5f3ePajI12Yhua3d8d30dd8e4434db73531c297ffbeddd0BeUvDO4IQwubfMbiLMoCShgxO1-clZDc3ZucUr8WeG6KJ-nwadv6fp1-VK1OOda2XW_2GuIVaY6yeyqehaQq9Ig69FUuCufRmcWqcFF7RrBNB0W4Mwau8ax3HFKVNoibWxWa1tze2nfkn92_OBS8_MWw3mPWdCPE-kJYEDkJdxzxlV0mX2B4bOtLWjB-1X_L5g2fHSBXsaasykl7u0E6E677cK2Brf6o0MexlBvgp4FctpurEDkPWz7OoX3dIo9zlRkUrkn-AjAXMeqRr2lxWwhA87y2MnOnUxQDVxXBMSd4uvdNoIT_u6HcxC0BiYxOeUfT7YaDI1Vj7FpYnsXd9Qh2X0nW3-fV0InOce0XJzlZam6EwWMKP2RqAK4jnik3in8G7CoeLpfCH7-edkJedODOiISXhw7JI0YwnlHTIemhJcO4QkOOjEbmm7YMs2uVNAwxUKC8ijXWlPiLX_yiOkzcm3-XuivqQOad5kgGauzN4utwyz9LU2N-CZFOtAPYvt7_o8Q0WwyfgOIeEUUaMszlPVZ9wq9dYKqtl5YBEHdbPvzwXqGBis9SSLoHrdv3vI5HksTi37EgdY1D4ZRlt7OThe5-__tF6R8V22s8c5KU9vLtN0oiajx_01wM2CtjvPOd1-WeHt0x9SwAXk8Xm1NaaB8rReL7NR53zbxxv4FHImT3CF0Ujev_DAzdeG2MBVG6XOCPDgOc8pG-_ZTdBd9HC5llzRwLouCcNbk77bfoRRg88s5pBTE79nN_CZu4rppSJaYvb-nZkDH6ZjvBqQ6pwHHMIbW4OtAn3DeOX-2vE0RVvYqRhbdc1CV8m-kQ1gQIdUGbIt-vvyRLZmI2xFW2g7dobFPMqkElqb0b7zRB7QaxhIC6NpF9Fu-wk7u-To9lwkZ9WpBxjDz57Ocj7C0alcB8Gs2jMUYcwnzsFSXiFdPX3oxG6Mf-5SKzrpduPuQ9GCfizc6UiSMn66f8NF4WJK2c9nlOP7PJ7nEb4Y4Gi2cFRT1YT2kBJP_WAPaN8gLbAe943nQwLNl--vBnLGw5V-Px_dIsoRJD6SL0nmSugKyQziwq-tOn9fB7SQ15W4Wsg2A7sZtSD4dhlOwhfcobxkl-mOylaVc6XEtu0ed6hKZvhCGD-jgrdtfEwG1MIM4tuJjTU0ruQ4X5C4FL_YLr8veJSKsSUEpot9o_PHE4NMvBgVH4N_NlWgxD9d1GVWfTxEzp6vz6Yu1M1POFWNy8oSMBBtE1PXvIIMR8Kc
# 牛肉大葱馅饼.jpg,https://pigkiller-011955-1319328397.cos.ap-beijing.myqcloud.com/%23%20%E7%89%9B%E8%82%89%E5%A4%A7%E8%91%B1%E9%A6%85%E9%A5%BC.jpg?q-sign-algorithm=sha1&q-ak=AKIDOosSoMqM6xFxI8Gt5Ixne8o8geZ-y7WDck4ZLZOGG-W8xQK0A6AqBuGVDXcFgBo8&q-sign-time=1722087543;1722091143&q-key-time=1722087543;1722091143&q-header-list=&q-url-param-list=&q-signature=6a61be500df043fbe6f0eb288ebec900c3a3c7d8&x-cos-security-token=OLhnY70Y5hWt7lAXQx5f3ePajI12Yhua3d8d30dd8e4434db73531c297ffbeddd0BeUvDO4IQwubfMbiLMoCShgxO1-clZDc3ZucUr8WeG6KJ-nwadv6fp1-VK1OOda2XW_2GuIVaY6yeyqehaQq9Ig69FUuCufRmcWqcFF7RrBNB0W4Mwau8ax3HFKVNoibWxWa1tze2nfkn92_OBS8_MWw3mPWdCPE-kJYEDkJdxzxlV0mX2B4bOtLWjB-1X_L5g2fHSBXsaasykl7u0E6E677cK2Brf6o0MexlBvgp4FctpurEDkPWz7OoX3dIo9zlRkUrkn-AjAXMeqRr2lxWwhA87y2MnOnUxQDVxXBMSd4uvdNoIT_u6HcxC0BiYxOeUfT7YaDI1Vj7FpYnsXd9Qh2X0nW3-fV0InOce0XJzlZam6EwWMKP2RqAK4jnik3in8G7CoeLpfCH7-edkJedODOiISXhw7JI0YwnlHTIemhJcO4QkOOjEbmm7YMs2uVNAwxUKC8ijXWlPiLX_yiOkzcm3-XuivqQOad5kgGauzN4utwyz9LU2N-CZFOtAPYvt7_o8Q0WwyfgOIeEUUaMszlPVZ9wq9dYKqtl5YBEHdbPvzwXqGBis9SSLoHrdv3vI5HksTi37EgdY1D4ZRlt7OThe5-__tF6R8V22s8c5KU9vLtN0oiajx_01wM2CtjvPOd1-WeHt0x9SwAXk8Xm1NaaB8rReL7NR53zbxxv4FHImT3CF0Ujev_DAzdeG2MBVG6XOCPDgOc8pG-_ZTdBd9HC5llzRwLouCcNbk77bfoRRg88s5pBTE79nN_CZu4rppSJaYvb-nZkDH6ZjvBqQ6pwHHMIbW4OtAn3DeOX-2vE0RVvYqRhbdc1CV8m-kQ1gQIdUGbIt-vvyRLZmI2xFW2g7dobFPMqkElqb0b7zRB7QaxhIC6NpF9Fu-wk7u-To9lwkZ9WpBxjDz57Ocj7C0alcB8Gs2jMUYcwnzsFSXiFdPX3oxG6Mf-5SKzrpduPuQ9GCfizc6UiSMn66f8NF4WJK2c9nlOP7PJ7nEb4Y4Gi2cFRT1YT2kBJP_WAPaN8gLbAe943nQwLNl--vBnLGw5V-Px_dIsoRJD6SL0nmSugKyQziwq-tOn9fB7SQ15W4Wsg2A7sZtSD4dhlOwhfcobxkl-mOylaVc6XEtu0ed6hKZvhCGD-jgrdtfEwG1MIM4tuJjTU0ruQ4X5C4FL_YLr8veJSKsSUEpot9o_PHE4NMvBgVH4N_NlWgxD9d1GVWfTxEzp6vz6Yu1M1POFWNy8oSMBBtE1PXvIIMR8Kc
# 狮子头套餐.jpg,https://pigkiller-011955-1319328397.cos.ap-beijing.myqcloud.com/%23%20%E7%8B%AE%E5%AD%90%E5%A4%B4%E5%A5%97%E9%A4%90.jpg?q-sign-algorithm=sha1&q-ak=AKIDOosSoMqM6xFxI8Gt5Ixne8o8geZ-y7WDck4ZLZOGG-W8xQK0A6AqBuGVDXcFgBo8&q-sign-time=1722087543;1722091143&q-key-time=1722087543;1722091143&q-header-list=&q-url-param-list=&q-signature=cf2995c53fbca8a194dec6acc3ae10c205a03499&x-cos-security-token=OLhnY70Y5hWt7lAXQx5f3ePajI12Yhua3d8d30dd8e4434db73531c297ffbeddd0BeUvDO4IQwubfMbiLMoCShgxO1-clZDc3ZucUr8WeG6KJ-nwadv6fp1-VK1OOda2XW_2GuIVaY6yeyqehaQq9Ig69FUuCufRmcWqcFF7RrBNB0W4Mwau8ax3HFKVNoibWxWa1tze2nfkn92_OBS8_MWw3mPWdCPE-kJYEDkJdxzxlV0mX2B4bOtLWjB-1X_L5g2fHSBXsaasykl7u0E6E677cK2Brf6o0MexlBvgp4FctpurEDkPWz7OoX3dIo9zlRkUrkn-AjAXMeqRr2lxWwhA87y2MnOnUxQDVxXBMSd4uvdNoIT_u6HcxC0BiYxOeUfT7YaDI1Vj7FpYnsXd9Qh2X0nW3-fV0InOce0XJzlZam6EwWMKP2RqAK4jnik3in8G7CoeLpfCH7-edkJedODOiISXhw7JI0YwnlHTIemhJcO4QkOOjEbmm7YMs2uVNAwxUKC8ijXWlPiLX_yiOkzcm3-XuivqQOad5kgGauzN4utwyz9LU2N-CZFOtAPYvt7_o8Q0WwyfgOIeEUUaMszlPVZ9wq9dYKqtl5YBEHdbPvzwXqGBis9SSLoHrdv3vI5HksTi37EgdY1D4ZRlt7OThe5-__tF6R8V22s8c5KU9vLtN0oiajx_01wM2CtjvPOd1-WeHt0x9SwAXk8Xm1NaaB8rReL7NR53zbxxv4FHImT3CF0Ujev_DAzdeG2MBVG6XOCPDgOc8pG-_ZTdBd9HC5llzRwLouCcNbk77bfoRRg88s5pBTE79nN_CZu4rppSJaYvb-nZkDH6ZjvBqQ6pwHHMIbW4OtAn3DeOX-2vE0RVvYqRhbdc1CV8m-kQ1gQIdUGbIt-vvyRLZmI2xFW2g7dobFPMqkElqb0b7zRB7QaxhIC6NpF9Fu-wk7u-To9lwkZ9WpBxjDz57Ocj7C0alcB8Gs2jMUYcwnzsFSXiFdPX3oxG6Mf-5SKzrpduPuQ9GCfizc6UiSMn66f8NF4WJK2c9nlOP7PJ7nEb4Y4Gi2cFRT1YT2kBJP_WAPaN8gLbAe943nQwLNl--vBnLGw5V-Px_dIsoRJD6SL0nmSugKyQziwq-tOn9fB7SQ15W4Wsg2A7sZtSD4dhlOwhfcobxkl-mOylaVc6XEtu0ed6hKZvhCGD-jgrdtfEwG1MIM4tuJjTU0ruQ4X5C4FL_YLr8veJSKsSUEpot9o_PHE4NMvBgVH4N_NlWgxD9d1GVWfTxEzp6vz6Yu1M1POFWNy8oSMBBtE1PXvIIMR8Kc
# 珍珠丸子.jpg,https://pigkiller-011955-1319328397.cos.ap-beijing.myqcloud.com/%23%20%E7%8F%8D%E7%8F%A0%E4%B8%B8%E5%AD%90.jpg?q-sign-algorithm=sha1&q-ak=AKIDOosSoMqM6xFxI8Gt5Ixne8o8geZ-y7WDck4ZLZOGG-W8xQK0A6AqBuGVDXcFgBo8&q-sign-time=1722087543;1722091143&q-key-time=1722087543;1722091143&q-header-list=&q-url-param-list=&q-signature=1c2bf5e5ef258e8167351252ae91eb640f4c9078&x-cos-security-token=OLhnY70Y5hWt7lAXQx5f3ePajI12Yhua3d8d30dd8e4434db73531c297ffbeddd0BeUvDO4IQwubfMbiLMoCShgxO1-clZDc3ZucUr8WeG6KJ-nwadv6fp1-VK1OOda2XW_2GuIVaY6yeyqehaQq9Ig69FUuCufRmcWqcFF7RrBNB0W4Mwau8ax3HFKVNoibWxWa1tze2nfkn92_OBS8_MWw3mPWdCPE-kJYEDkJdxzxlV0mX2B4bOtLWjB-1X_L5g2fHSBXsaasykl7u0E6E677cK2Brf6o0MexlBvgp4FctpurEDkPWz7OoX3dIo9zlRkUrkn-AjAXMeqRr2lxWwhA87y2MnOnUxQDVxXBMSd4uvdNoIT_u6HcxC0BiYxOeUfT7YaDI1Vj7FpYnsXd9Qh2X0nW3-fV0InOce0XJzlZam6EwWMKP2RqAK4jnik3in8G7CoeLpfCH7-edkJedODOiISXhw7JI0YwnlHTIemhJcO4QkOOjEbmm7YMs2uVNAwxUKC8ijXWlPiLX_yiOkzcm3-XuivqQOad5kgGauzN4utwyz9LU2N-CZFOtAPYvt7_o8Q0WwyfgOIeEUUaMszlPVZ9wq9dYKqtl5YBEHdbPvzwXqGBis9SSLoHrdv3vI5HksTi37EgdY1D4ZRlt7OThe5-__tF6R8V22s8c5KU9vLtN0oiajx_01wM2CtjvPOd1-WeHt0x9SwAXk8Xm1NaaB8rReL7NR53zbxxv4FHImT3CF0Ujev_DAzdeG2MBVG6XOCPDgOc8pG-_ZTdBd9HC5llzRwLouCcNbk77bfoRRg88s5pBTE79nN_CZu4rppSJaYvb-nZkDH6ZjvBqQ6pwHHMIbW4OtAn3DeOX-2vE0RVvYqRhbdc1CV8m-kQ1gQIdUGbIt-vvyRLZmI2xFW2g7dobFPMqkElqb0b7zRB7QaxhIC6NpF9Fu-wk7u-To9lwkZ9WpBxjDz57Ocj7C0alcB8Gs2jMUYcwnzsFSXiFdPX3oxG6Mf-5SKzrpduPuQ9GCfizc6UiSMn66f8NF4WJK2c9nlOP7PJ7nEb4Y4Gi2cFRT1YT2kBJP_WAPaN8gLbAe943nQwLNl--vBnLGw5V-Px_dIsoRJD6SL0nmSugKyQziwq-tOn9fB7SQ15W4Wsg2A7sZtSD4dhlOwhfcobxkl-mOylaVc6XEtu0ed6hKZvhCGD-jgrdtfEwG1MIM4tuJjTU0ruQ4X5C4FL_YLr8veJSKsSUEpot9o_PHE4NMvBgVH4N_NlWgxD9d1GVWfTxEzp6vz6Yu1M1POFWNy8oSMBBtE1PXvIIMR8Kc
# 瓦香鸭.jpg,https://pigkiller-011955-1319328397.cos.ap-beijing.myqcloud.com/%23%20%E7%93%A6%E9%A6%99%E9%B8%AD.jpg?q-sign-algorithm=sha1&q-ak=AKIDOosSoMqM6xFxI8Gt5Ixne8o8geZ-y7WDck4ZLZOGG-W8xQK0A6AqBuGVDXcFgBo8&q-sign-time=1722087543;1722091143&q-key-time=1722087543;1722091143&q-header-list=&q-url-param-list=&q-signature=f4f162198c548d467aa894be7fcf011286eecd02&x-cos-security-token=OLhnY70Y5hWt7lAXQx5f3ePajI12Yhua3d8d30dd8e4434db73531c297ffbeddd0BeUvDO4IQwubfMbiLMoCShgxO1-clZDc3ZucUr8WeG6KJ-nwadv6fp1-VK1OOda2XW_2GuIVaY6yeyqehaQq9Ig69FUuCufRmcWqcFF7RrBNB0W4Mwau8ax3HFKVNoibWxWa1tze2nfkn92_OBS8_MWw3mPWdCPE-kJYEDkJdxzxlV0mX2B4bOtLWjB-1X_L5g2fHSBXsaasykl7u0E6E677cK2Brf6o0MexlBvgp4FctpurEDkPWz7OoX3dIo9zlRkUrkn-AjAXMeqRr2lxWwhA87y2MnOnUxQDVxXBMSd4uvdNoIT_u6HcxC0BiYxOeUfT7YaDI1Vj7FpYnsXd9Qh2X0nW3-fV0InOce0XJzlZam6EwWMKP2RqAK4jnik3in8G7CoeLpfCH7-edkJedODOiISXhw7JI0YwnlHTIemhJcO4QkOOjEbmm7YMs2uVNAwxUKC8ijXWlPiLX_yiOkzcm3-XuivqQOad5kgGauzN4utwyz9LU2N-CZFOtAPYvt7_o8Q0WwyfgOIeEUUaMszlPVZ9wq9dYKqtl5YBEHdbPvzwXqGBis9SSLoHrdv3vI5HksTi37EgdY1D4ZRlt7OThe5-__tF6R8V22s8c5KU9vLtN0oiajx_01wM2CtjvPOd1-WeHt0x9SwAXk8Xm1NaaB8rReL7NR53zbxxv4FHImT3CF0Ujev_DAzdeG2MBVG6XOCPDgOc8pG-_ZTdBd9HC5llzRwLouCcNbk77bfoRRg88s5pBTE79nN_CZu4rppSJaYvb-nZkDH6ZjvBqQ6pwHHMIbW4OtAn3DeOX-2vE0RVvYqRhbdc1CV8m-kQ1gQIdUGbIt-vvyRLZmI2xFW2g7dobFPMqkElqb0b7zRB7QaxhIC6NpF9Fu-wk7u-To9lwkZ9WpBxjDz57Ocj7C0alcB8Gs2jMUYcwnzsFSXiFdPX3oxG6Mf-5SKzrpduPuQ9GCfizc6UiSMn66f8NF4WJK2c9nlOP7PJ7nEb4Y4Gi2cFRT1YT2kBJP_WAPaN8gLbAe943nQwLNl--vBnLGw5V-Px_dIsoRJD6SL0nmSugKyQziwq-tOn9fB7SQ15W4Wsg2A7sZtSD4dhlOwhfcobxkl-mOylaVc6XEtu0ed6hKZvhCGD-jgrdtfEwG1MIM4tuJjTU0ruQ4X5C4FL_YLr8veJSKsSUEpot9o_PHE4NMvBgVH4N_NlWgxD9d1GVWfTxEzp6vz6Yu1M1POFWNy8oSMBBtE1PXvIIMR8Kc
# 番茄牛腩煲.jpg,https://pigkiller-011955-1319328397.cos.ap-beijing.myqcloud.com/%23%20%E7%95%AA%E8%8C%84%E7%89%9B%E8%85%A9%E7%85%B2.jpg?q-sign-algorithm=sha1&q-ak=AKIDOosSoMqM6xFxI8Gt5Ixne8o8geZ-y7WDck4ZLZOGG-W8xQK0A6AqBuGVDXcFgBo8&q-sign-time=1722087543;1722091143&q-key-time=1722087543;1722091143&q-header-list=&q-url-param-list=&q-signature=ddb0079eb16a58819b451f53242fab4270e6d831&x-cos-security-token=OLhnY70Y5hWt7lAXQx5f3ePajI12Yhua3d8d30dd8e4434db73531c297ffbeddd0BeUvDO4IQwubfMbiLMoCShgxO1-clZDc3ZucUr8WeG6KJ-nwadv6fp1-VK1OOda2XW_2GuIVaY6yeyqehaQq9Ig69FUuCufRmcWqcFF7RrBNB0W4Mwau8ax3HFKVNoibWxWa1tze2nfkn92_OBS8_MWw3mPWdCPE-kJYEDkJdxzxlV0mX2B4bOtLWjB-1X_L5g2fHSBXsaasykl7u0E6E677cK2Brf6o0MexlBvgp4FctpurEDkPWz7OoX3dIo9zlRkUrkn-AjAXMeqRr2lxWwhA87y2MnOnUxQDVxXBMSd4uvdNoIT_u6HcxC0BiYxOeUfT7YaDI1Vj7FpYnsXd9Qh2X0nW3-fV0InOce0XJzlZam6EwWMKP2RqAK4jnik3in8G7CoeLpfCH7-edkJedODOiISXhw7JI0YwnlHTIemhJcO4QkOOjEbmm7YMs2uVNAwxUKC8ijXWlPiLX_yiOkzcm3-XuivqQOad5kgGauzN4utwyz9LU2N-CZFOtAPYvt7_o8Q0WwyfgOIeEUUaMszlPVZ9wq9dYKqtl5YBEHdbPvzwXqGBis9SSLoHrdv3vI5HksTi37EgdY1D4ZRlt7OThe5-__tF6R8V22s8c5KU9vLtN0oiajx_01wM2CtjvPOd1-WeHt0x9SwAXk8Xm1NaaB8rReL7NR53zbxxv4FHImT3CF0Ujev_DAzdeG2MBVG6XOCPDgOc8pG-_ZTdBd9HC5llzRwLouCcNbk77bfoRRg88s5pBTE79nN_CZu4rppSJaYvb-nZkDH6ZjvBqQ6pwHHMIbW4OtAn3DeOX-2vE0RVvYqRhbdc1CV8m-kQ1gQIdUGbIt-vvyRLZmI2xFW2g7dobFPMqkElqb0b7zRB7QaxhIC6NpF9Fu-wk7u-To9lwkZ9WpBxjDz57Ocj7C0alcB8Gs2jMUYcwnzsFSXiFdPX3oxG6Mf-5SKzrpduPuQ9GCfizc6UiSMn66f8NF4WJK2c9nlOP7PJ7nEb4Y4Gi2cFRT1YT2kBJP_WAPaN8gLbAe943nQwLNl--vBnLGw5V-Px_dIsoRJD6SL0nmSugKyQziwq-tOn9fB7SQ15W4Wsg2A7sZtSD4dhlOwhfcobxkl-mOylaVc6XEtu0ed6hKZvhCGD-jgrdtfEwG1MIM4tuJjTU0ruQ4X5C4FL_YLr8veJSKsSUEpot9o_PHE4NMvBgVH4N_NlWgxD9d1GVWfTxEzp6vz6Yu1M1POFWNy8oSMBBtE1PXvIIMR8Kc
# 皮蛋瘦肉粥.jpg,https://pigkiller-011955-1319328397.cos.ap-beijing.myqcloud.com/%23%20%E7%9A%AE%E8%9B%8B%E7%98%A6%E8%82%89%E7%B2%A5.jpg?q-sign-algorithm=sha1&q-ak=AKIDOosSoMqM6xFxI8Gt5Ixne8o8geZ-y7WDck4ZLZOGG-W8xQK0A6AqBuGVDXcFgBo8&q-sign-time=1722087543;1722091143&q-key-time=1722087543;1722091143&q-header-list=&q-url-param-list=&q-signature=07eab250de40852dc21e5c76591ea0d1fa8b1332&x-cos-security-token=OLhnY70Y5hWt7lAXQx5f3ePajI12Yhua3d8d30dd8e4434db73531c297ffbeddd0BeUvDO4IQwubfMbiLMoCShgxO1-clZDc3ZucUr8WeG6KJ-nwadv6fp1-VK1OOda2XW_2GuIVaY6yeyqehaQq9Ig69FUuCufRmcWqcFF7RrBNB0W4Mwau8ax3HFKVNoibWxWa1tze2nfkn92_OBS8_MWw3mPWdCPE-kJYEDkJdxzxlV0mX2B4bOtLWjB-1X_L5g2fHSBXsaasykl7u0E6E677cK2Brf6o0MexlBvgp4FctpurEDkPWz7OoX3dIo9zlRkUrkn-AjAXMeqRr2lxWwhA87y2MnOnUxQDVxXBMSd4uvdNoIT_u6HcxC0BiYxOeUfT7YaDI1Vj7FpYnsXd9Qh2X0nW3-fV0InOce0XJzlZam6EwWMKP2RqAK4jnik3in8G7CoeLpfCH7-edkJedODOiISXhw7JI0YwnlHTIemhJcO4QkOOjEbmm7YMs2uVNAwxUKC8ijXWlPiLX_yiOkzcm3-XuivqQOad5kgGauzN4utwyz9LU2N-CZFOtAPYvt7_o8Q0WwyfgOIeEUUaMszlPVZ9wq9dYKqtl5YBEHdbPvzwXqGBis9SSLoHrdv3vI5HksTi37EgdY1D4ZRlt7OThe5-__tF6R8V22s8c5KU9vLtN0oiajx_01wM2CtjvPOd1-WeHt0x9SwAXk8Xm1NaaB8rReL7NR53zbxxv4FHImT3CF0Ujev_DAzdeG2MBVG6XOCPDgOc8pG-_ZTdBd9HC5llzRwLouCcNbk77bfoRRg88s5pBTE79nN_CZu4rppSJaYvb-nZkDH6ZjvBqQ6pwHHMIbW4OtAn3DeOX-2vE0RVvYqRhbdc1CV8m-kQ1gQIdUGbIt-vvyRLZmI2xFW2g7dobFPMqkElqb0b7zRB7QaxhIC6NpF9Fu-wk7u-To9lwkZ9WpBxjDz57Ocj7C0alcB8Gs2jMUYcwnzsFSXiFdPX3oxG6Mf-5SKzrpduPuQ9GCfizc6UiSMn66f8NF4WJK2c9nlOP7PJ7nEb4Y4Gi2cFRT1YT2kBJP_WAPaN8gLbAe943nQwLNl--vBnLGw5V-Px_dIsoRJD6SL0nmSugKyQziwq-tOn9fB7SQ15W4Wsg2A7sZtSD4dhlOwhfcobxkl-mOylaVc6XEtu0ed6hKZvhCGD-jgrdtfEwG1MIM4tuJjTU0ruQ4X5C4FL_YLr8veJSKsSUEpot9o_PHE4NMvBgVH4N_NlWgxD9d1GVWfTxEzp6vz6Yu1M1POFWNy8oSMBBtE1PXvIIMR8Kc
# 盐菜回祸肉.jpg,https://pigkiller-011955-1319328397.cos.ap-beijing.myqcloud.com/%23%20%E7%9B%90%E8%8F%9C%E5%9B%9E%E7%A5%B8%E8%82%89.jpg?q-sign-algorithm=sha1&q-ak=AKIDOosSoMqM6xFxI8Gt5Ixne8o8geZ-y7WDck4ZLZOGG-W8xQK0A6AqBuGVDXcFgBo8&q-sign-time=1722087543;1722091143&q-key-time=1722087543;1722091143&q-header-list=&q-url-param-list=&q-signature=570df9830162ba25206d2fd7ea3c511443f563da&x-cos-security-token=OLhnY70Y5hWt7lAXQx5f3ePajI12Yhua3d8d30dd8e4434db73531c297ffbeddd0BeUvDO4IQwubfMbiLMoCShgxO1-clZDc3ZucUr8WeG6KJ-nwadv6fp1-VK1OOda2XW_2GuIVaY6yeyqehaQq9Ig69FUuCufRmcWqcFF7RrBNB0W4Mwau8ax3HFKVNoibWxWa1tze2nfkn92_OBS8_MWw3mPWdCPE-kJYEDkJdxzxlV0mX2B4bOtLWjB-1X_L5g2fHSBXsaasykl7u0E6E677cK2Brf6o0MexlBvgp4FctpurEDkPWz7OoX3dIo9zlRkUrkn-AjAXMeqRr2lxWwhA87y2MnOnUxQDVxXBMSd4uvdNoIT_u6HcxC0BiYxOeUfT7YaDI1Vj7FpYnsXd9Qh2X0nW3-fV0InOce0XJzlZam6EwWMKP2RqAK4jnik3in8G7CoeLpfCH7-edkJedODOiISXhw7JI0YwnlHTIemhJcO4QkOOjEbmm7YMs2uVNAwxUKC8ijXWlPiLX_yiOkzcm3-XuivqQOad5kgGauzN4utwyz9LU2N-CZFOtAPYvt7_o8Q0WwyfgOIeEUUaMszlPVZ9wq9dYKqtl5YBEHdbPvzwXqGBis9SSLoHrdv3vI5HksTi37EgdY1D4ZRlt7OThe5-__tF6R8V22s8c5KU9vLtN0oiajx_01wM2CtjvPOd1-WeHt0x9SwAXk8Xm1NaaB8rReL7NR53zbxxv4FHImT3CF0Ujev_DAzdeG2MBVG6XOCPDgOc8pG-_ZTdBd9HC5llzRwLouCcNbk77bfoRRg88s5pBTE79nN_CZu4rppSJaYvb-nZkDH6ZjvBqQ6pwHHMIbW4OtAn3DeOX-2vE0RVvYqRhbdc1CV8m-kQ1gQIdUGbIt-vvyRLZmI2xFW2g7dobFPMqkElqb0b7zRB7QaxhIC6NpF9Fu-wk7u-To9lwkZ9WpBxjDz57Ocj7C0alcB8Gs2jMUYcwnzsFSXiFdPX3oxG6Mf-5SKzrpduPuQ9GCfizc6UiSMn66f8NF4WJK2c9nlOP7PJ7nEb4Y4Gi2cFRT1YT2kBJP_WAPaN8gLbAe943nQwLNl--vBnLGw5V-Px_dIsoRJD6SL0nmSugKyQziwq-tOn9fB7SQ15W4Wsg2A7sZtSD4dhlOwhfcobxkl-mOylaVc6XEtu0ed6hKZvhCGD-jgrdtfEwG1MIM4tuJjTU0ruQ4X5C4FL_YLr8veJSKsSUEpot9o_PHE4NMvBgVH4N_NlWgxD9d1GVWfTxEzp6vz6Yu1M1POFWNy8oSMBBtE1PXvIIMR8Kc
# 秘制扇子骨套餐.jpg,https://pigkiller-011955-1319328397.cos.ap-beijing.myqcloud.com/%23%20%E7%A7%98%E5%88%B6%E6%89%87%E5%AD%90%E9%AA%A8%E5%A5%97%E9%A4%90.jpg?q-sign-algorithm=sha1&q-ak=AKIDOosSoMqM6xFxI8Gt5Ixne8o8geZ-y7WDck4ZLZOGG-W8xQK0A6AqBuGVDXcFgBo8&q-sign-time=1722087543;1722091143&q-key-time=1722087543;1722091143&q-header-list=&q-url-param-list=&q-signature=8b471a39a0f7fa355f8e1d1fd688df1a441971fb&x-cos-security-token=OLhnY70Y5hWt7lAXQx5f3ePajI12Yhua3d8d30dd8e4434db73531c297ffbeddd0BeUvDO4IQwubfMbiLMoCShgxO1-clZDc3ZucUr8WeG6KJ-nwadv6fp1-VK1OOda2XW_2GuIVaY6yeyqehaQq9Ig69FUuCufRmcWqcFF7RrBNB0W4Mwau8ax3HFKVNoibWxWa1tze2nfkn92_OBS8_MWw3mPWdCPE-kJYEDkJdxzxlV0mX2B4bOtLWjB-1X_L5g2fHSBXsaasykl7u0E6E677cK2Brf6o0MexlBvgp4FctpurEDkPWz7OoX3dIo9zlRkUrkn-AjAXMeqRr2lxWwhA87y2MnOnUxQDVxXBMSd4uvdNoIT_u6HcxC0BiYxOeUfT7YaDI1Vj7FpYnsXd9Qh2X0nW3-fV0InOce0XJzlZam6EwWMKP2RqAK4jnik3in8G7CoeLpfCH7-edkJedODOiISXhw7JI0YwnlHTIemhJcO4QkOOjEbmm7YMs2uVNAwxUKC8ijXWlPiLX_yiOkzcm3-XuivqQOad5kgGauzN4utwyz9LU2N-CZFOtAPYvt7_o8Q0WwyfgOIeEUUaMszlPVZ9wq9dYKqtl5YBEHdbPvzwXqGBis9SSLoHrdv3vI5HksTi37EgdY1D4ZRlt7OThe5-__tF6R8V22s8c5KU9vLtN0oiajx_01wM2CtjvPOd1-WeHt0x9SwAXk8Xm1NaaB8rReL7NR53zbxxv4FHImT3CF0Ujev_DAzdeG2MBVG6XOCPDgOc8pG-_ZTdBd9HC5llzRwLouCcNbk77bfoRRg88s5pBTE79nN_CZu4rppSJaYvb-nZkDH6ZjvBqQ6pwHHMIbW4OtAn3DeOX-2vE0RVvYqRhbdc1CV8m-kQ1gQIdUGbIt-vvyRLZmI2xFW2g7dobFPMqkElqb0b7zRB7QaxhIC6NpF9Fu-wk7u-To9lwkZ9WpBxjDz57Ocj7C0alcB8Gs2jMUYcwnzsFSXiFdPX3oxG6Mf-5SKzrpduPuQ9GCfizc6UiSMn66f8NF4WJK2c9nlOP7PJ7nEb4Y4Gi2cFRT1YT2kBJP_WAPaN8gLbAe943nQwLNl--vBnLGw5V-Px_dIsoRJD6SL0nmSugKyQziwq-tOn9fB7SQ15W4Wsg2A7sZtSD4dhlOwhfcobxkl-mOylaVc6XEtu0ed6hKZvhCGD-jgrdtfEwG1MIM4tuJjTU0ruQ4X5C4FL_YLr8veJSKsSUEpot9o_PHE4NMvBgVH4N_NlWgxD9d1GVWfTxEzp6vz6Yu1M1POFWNy8oSMBBtE1PXvIIMR8Kc
# 秘制羊排饭套餐.jpg,https://pigkiller-011955-1319328397.cos.ap-beijing.myqcloud.com/%23%20%E7%A7%98%E5%88%B6%E7%BE%8A%E6%8E%92%E9%A5%AD%E5%A5%97%E9%A4%90.jpg?q-sign-algorithm=sha1&q-ak=AKIDOosSoMqM6xFxI8Gt5Ixne8o8geZ-y7WDck4ZLZOGG-W8xQK0A6AqBuGVDXcFgBo8&q-sign-time=1722087543;1722091143&q-key-time=1722087543;1722091143&q-header-list=&q-url-param-list=&q-signature=b9cfa7d00b9a2d95aa9300a534b47ddac69913f8&x-cos-security-token=OLhnY70Y5hWt7lAXQx5f3ePajI12Yhua3d8d30dd8e4434db73531c297ffbeddd0BeUvDO4IQwubfMbiLMoCShgxO1-clZDc3ZucUr8WeG6KJ-nwadv6fp1-VK1OOda2XW_2GuIVaY6yeyqehaQq9Ig69FUuCufRmcWqcFF7RrBNB0W4Mwau8ax3HFKVNoibWxWa1tze2nfkn92_OBS8_MWw3mPWdCPE-kJYEDkJdxzxlV0mX2B4bOtLWjB-1X_L5g2fHSBXsaasykl7u0E6E677cK2Brf6o0MexlBvgp4FctpurEDkPWz7OoX3dIo9zlRkUrkn-AjAXMeqRr2lxWwhA87y2MnOnUxQDVxXBMSd4uvdNoIT_u6HcxC0BiYxOeUfT7YaDI1Vj7FpYnsXd9Qh2X0nW3-fV0InOce0XJzlZam6EwWMKP2RqAK4jnik3in8G7CoeLpfCH7-edkJedODOiISXhw7JI0YwnlHTIemhJcO4QkOOjEbmm7YMs2uVNAwxUKC8ijXWlPiLX_yiOkzcm3-XuivqQOad5kgGauzN4utwyz9LU2N-CZFOtAPYvt7_o8Q0WwyfgOIeEUUaMszlPVZ9wq9dYKqtl5YBEHdbPvzwXqGBis9SSLoHrdv3vI5HksTi37EgdY1D4ZRlt7OThe5-__tF6R8V22s8c5KU9vLtN0oiajx_01wM2CtjvPOd1-WeHt0x9SwAXk8Xm1NaaB8rReL7NR53zbxxv4FHImT3CF0Ujev_DAzdeG2MBVG6XOCPDgOc8pG-_ZTdBd9HC5llzRwLouCcNbk77bfoRRg88s5pBTE79nN_CZu4rppSJaYvb-nZkDH6ZjvBqQ6pwHHMIbW4OtAn3DeOX-2vE0RVvYqRhbdc1CV8m-kQ1gQIdUGbIt-vvyRLZmI2xFW2g7dobFPMqkElqb0b7zRB7QaxhIC6NpF9Fu-wk7u-To9lwkZ9WpBxjDz57Ocj7C0alcB8Gs2jMUYcwnzsFSXiFdPX3oxG6Mf-5SKzrpduPuQ9GCfizc6UiSMn66f8NF4WJK2c9nlOP7PJ7nEb4Y4Gi2cFRT1YT2kBJP_WAPaN8gLbAe943nQwLNl--vBnLGw5V-Px_dIsoRJD6SL0nmSugKyQziwq-tOn9fB7SQ15W4Wsg2A7sZtSD4dhlOwhfcobxkl-mOylaVc6XEtu0ed6hKZvhCGD-jgrdtfEwG1MIM4tuJjTU0ruQ4X5C4FL_YLr8veJSKsSUEpot9o_PHE4NMvBgVH4N_NlWgxD9d1GVWfTxEzp6vz6Yu1M1POFWNy8oSMBBtE1PXvIIMR8Kc
# 秘制鸡胸肉能量饭.jpg,https://pigkiller-011955-1319328397.cos.ap-beijing.myqcloud.com/%23%20%E7%A7%98%E5%88%B6%E9%B8%A1%E8%83%B8%E8%82%89%E8%83%BD%E9%87%8F%E9%A5%AD.jpg?q-sign-algorithm=sha1&q-ak=AKIDOosSoMqM6xFxI8Gt5Ixne8o8geZ-y7WDck4ZLZOGG-W8xQK0A6AqBuGVDXcFgBo8&q-sign-time=1722087543;1722091143&q-key-time=1722087543;1722091143&q-header-list=&q-url-param-list=&q-signature=e0840651551009a0773c538b5994daef965b528c&x-cos-security-token=OLhnY70Y5hWt7lAXQx5f3ePajI12Yhua3d8d30dd8e4434db73531c297ffbeddd0BeUvDO4IQwubfMbiLMoCShgxO1-clZDc3ZucUr8WeG6KJ-nwadv6fp1-VK1OOda2XW_2GuIVaY6yeyqehaQq9Ig69FUuCufRmcWqcFF7RrBNB0W4Mwau8ax3HFKVNoibWxWa1tze2nfkn92_OBS8_MWw3mPWdCPE-kJYEDkJdxzxlV0mX2B4bOtLWjB-1X_L5g2fHSBXsaasykl7u0E6E677cK2Brf6o0MexlBvgp4FctpurEDkPWz7OoX3dIo9zlRkUrkn-AjAXMeqRr2lxWwhA87y2MnOnUxQDVxXBMSd4uvdNoIT_u6HcxC0BiYxOeUfT7YaDI1Vj7FpYnsXd9Qh2X0nW3-fV0InOce0XJzlZam6EwWMKP2RqAK4jnik3in8G7CoeLpfCH7-edkJedODOiISXhw7JI0YwnlHTIemhJcO4QkOOjEbmm7YMs2uVNAwxUKC8ijXWlPiLX_yiOkzcm3-XuivqQOad5kgGauzN4utwyz9LU2N-CZFOtAPYvt7_o8Q0WwyfgOIeEUUaMszlPVZ9wq9dYKqtl5YBEHdbPvzwXqGBis9SSLoHrdv3vI5HksTi37EgdY1D4ZRlt7OThe5-__tF6R8V22s8c5KU9vLtN0oiajx_01wM2CtjvPOd1-WeHt0x9SwAXk8Xm1NaaB8rReL7NR53zbxxv4FHImT3CF0Ujev_DAzdeG2MBVG6XOCPDgOc8pG-_ZTdBd9HC5llzRwLouCcNbk77bfoRRg88s5pBTE79nN_CZu4rppSJaYvb-nZkDH6ZjvBqQ6pwHHMIbW4OtAn3DeOX-2vE0RVvYqRhbdc1CV8m-kQ1gQIdUGbIt-vvyRLZmI2xFW2g7dobFPMqkElqb0b7zRB7QaxhIC6NpF9Fu-wk7u-To9lwkZ9WpBxjDz57Ocj7C0alcB8Gs2jMUYcwnzsFSXiFdPX3oxG6Mf-5SKzrpduPuQ9GCfizc6UiSMn66f8NF4WJK2c9nlOP7PJ7nEb4Y4Gi2cFRT1YT2kBJP_WAPaN8gLbAe943nQwLNl--vBnLGw5V-Px_dIsoRJD6SL0nmSugKyQziwq-tOn9fB7SQ15W4Wsg2A7sZtSD4dhlOwhfcobxkl-mOylaVc6XEtu0ed6hKZvhCGD-jgrdtfEwG1MIM4tuJjTU0ruQ4X5C4FL_YLr8veJSKsSUEpot9o_PHE4NMvBgVH4N_NlWgxD9d1GVWfTxEzp6vz6Yu1M1POFWNy8oSMBBtE1PXvIIMR8Kc
# 纽奥烤鸡腿.jpg,https://pigkiller-011955-1319328397.cos.ap-beijing.myqcloud.com/%23%20%E7%BA%BD%E5%A5%A5%E7%83%A4%E9%B8%A1%E8%85%BF.jpg?q-sign-algorithm=sha1&q-ak=AKIDOosSoMqM6xFxI8Gt5Ixne8o8geZ-y7WDck4ZLZOGG-W8xQK0A6AqBuGVDXcFgBo8&q-sign-time=1722087543;1722091143&q-key-time=1722087543;1722091143&q-header-list=&q-url-param-list=&q-signature=e0d17732cb88f06c17d92e5c4425b3ee58635c38&x-cos-security-token=OLhnY70Y5hWt7lAXQx5f3ePajI12Yhua3d8d30dd8e4434db73531c297ffbeddd0BeUvDO4IQwubfMbiLMoCShgxO1-clZDc3ZucUr8WeG6KJ-nwadv6fp1-VK1OOda2XW_2GuIVaY6yeyqehaQq9Ig69FUuCufRmcWqcFF7RrBNB0W4Mwau8ax3HFKVNoibWxWa1tze2nfkn92_OBS8_MWw3mPWdCPE-kJYEDkJdxzxlV0mX2B4bOtLWjB-1X_L5g2fHSBXsaasykl7u0E6E677cK2Brf6o0MexlBvgp4FctpurEDkPWz7OoX3dIo9zlRkUrkn-AjAXMeqRr2lxWwhA87y2MnOnUxQDVxXBMSd4uvdNoIT_u6HcxC0BiYxOeUfT7YaDI1Vj7FpYnsXd9Qh2X0nW3-fV0InOce0XJzlZam6EwWMKP2RqAK4jnik3in8G7CoeLpfCH7-edkJedODOiISXhw7JI0YwnlHTIemhJcO4QkOOjEbmm7YMs2uVNAwxUKC8ijXWlPiLX_yiOkzcm3-XuivqQOad5kgGauzN4utwyz9LU2N-CZFOtAPYvt7_o8Q0WwyfgOIeEUUaMszlPVZ9wq9dYKqtl5YBEHdbPvzwXqGBis9SSLoHrdv3vI5HksTi37EgdY1D4ZRlt7OThe5-__tF6R8V22s8c5KU9vLtN0oiajx_01wM2CtjvPOd1-WeHt0x9SwAXk8Xm1NaaB8rReL7NR53zbxxv4FHImT3CF0Ujev_DAzdeG2MBVG6XOCPDgOc8pG-_ZTdBd9HC5llzRwLouCcNbk77bfoRRg88s5pBTE79nN_CZu4rppSJaYvb-nZkDH6ZjvBqQ6pwHHMIbW4OtAn3DeOX-2vE0RVvYqRhbdc1CV8m-kQ1gQIdUGbIt-vvyRLZmI2xFW2g7dobFPMqkElqb0b7zRB7QaxhIC6NpF9Fu-wk7u-To9lwkZ9WpBxjDz57Ocj7C0alcB8Gs2jMUYcwnzsFSXiFdPX3oxG6Mf-5SKzrpduPuQ9GCfizc6UiSMn66f8NF4WJK2c9nlOP7PJ7nEb4Y4Gi2cFRT1YT2kBJP_WAPaN8gLbAe943nQwLNl--vBnLGw5V-Px_dIsoRJD6SL0nmSugKyQziwq-tOn9fB7SQ15W4Wsg2A7sZtSD4dhlOwhfcobxkl-mOylaVc6XEtu0ed6hKZvhCGD-jgrdtfEwG1MIM4tuJjTU0ruQ4X5C4FL_YLr8veJSKsSUEpot9o_PHE4NMvBgVH4N_NlWgxD9d1GVWfTxEzp6vz6Yu1M1POFWNy8oSMBBtE1PXvIIMR8Kc
# 美味双拼饭.jpg,https://pigkiller-011955-1319328397.cos.ap-beijing.myqcloud.com/%23%20%E7%BE%8E%E5%91%B3%E5%8F%8C%E6%8B%BC%E9%A5%AD.jpg?q-sign-algorithm=sha1&q-ak=AKIDOosSoMqM6xFxI8Gt5Ixne8o8geZ-y7WDck4ZLZOGG-W8xQK0A6AqBuGVDXcFgBo8&q-sign-time=1722087543;1722091143&q-key-time=1722087543;1722091143&q-header-list=&q-url-param-list=&q-signature=8d8e7294e83d2d507daf708e81faa48780bce730&x-cos-security-token=OLhnY70Y5hWt7lAXQx5f3ePajI12Yhua3d8d30dd8e4434db73531c297ffbeddd0BeUvDO4IQwubfMbiLMoCShgxO1-clZDc3ZucUr8WeG6KJ-nwadv6fp1-VK1OOda2XW_2GuIVaY6yeyqehaQq9Ig69FUuCufRmcWqcFF7RrBNB0W4Mwau8ax3HFKVNoibWxWa1tze2nfkn92_OBS8_MWw3mPWdCPE-kJYEDkJdxzxlV0mX2B4bOtLWjB-1X_L5g2fHSBXsaasykl7u0E6E677cK2Brf6o0MexlBvgp4FctpurEDkPWz7OoX3dIo9zlRkUrkn-AjAXMeqRr2lxWwhA87y2MnOnUxQDVxXBMSd4uvdNoIT_u6HcxC0BiYxOeUfT7YaDI1Vj7FpYnsXd9Qh2X0nW3-fV0InOce0XJzlZam6EwWMKP2RqAK4jnik3in8G7CoeLpfCH7-edkJedODOiISXhw7JI0YwnlHTIemhJcO4QkOOjEbmm7YMs2uVNAwxUKC8ijXWlPiLX_yiOkzcm3-XuivqQOad5kgGauzN4utwyz9LU2N-CZFOtAPYvt7_o8Q0WwyfgOIeEUUaMszlPVZ9wq9dYKqtl5YBEHdbPvzwXqGBis9SSLoHrdv3vI5HksTi37EgdY1D4ZRlt7OThe5-__tF6R8V22s8c5KU9vLtN0oiajx_01wM2CtjvPOd1-WeHt0x9SwAXk8Xm1NaaB8rReL7NR53zbxxv4FHImT3CF0Ujev_DAzdeG2MBVG6XOCPDgOc8pG-_ZTdBd9HC5llzRwLouCcNbk77bfoRRg88s5pBTE79nN_CZu4rppSJaYvb-nZkDH6ZjvBqQ6pwHHMIbW4OtAn3DeOX-2vE0RVvYqRhbdc1CV8m-kQ1gQIdUGbIt-vvyRLZmI2xFW2g7dobFPMqkElqb0b7zRB7QaxhIC6NpF9Fu-wk7u-To9lwkZ9WpBxjDz57Ocj7C0alcB8Gs2jMUYcwnzsFSXiFdPX3oxG6Mf-5SKzrpduPuQ9GCfizc6UiSMn66f8NF4WJK2c9nlOP7PJ7nEb4Y4Gi2cFRT1YT2kBJP_WAPaN8gLbAe943nQwLNl--vBnLGw5V-Px_dIsoRJD6SL0nmSugKyQziwq-tOn9fB7SQ15W4Wsg2A7sZtSD4dhlOwhfcobxkl-mOylaVc6XEtu0ed6hKZvhCGD-jgrdtfEwG1MIM4tuJjTU0ruQ4X5C4FL_YLr8veJSKsSUEpot9o_PHE4NMvBgVH4N_NlWgxD9d1GVWfTxEzp6vz6Yu1M1POFWNy8oSMBBtE1PXvIIMR8Kc
# 肉夹馍.jpg,https://pigkiller-011955-1319328397.cos.ap-beijing.myqcloud.com/%23%20%E8%82%89%E5%A4%B9%E9%A6%8D.jpg?q-sign-algorithm=sha1&q-ak=AKIDOosSoMqM6xFxI8Gt5Ixne8o8geZ-y7WDck4ZLZOGG-W8xQK0A6AqBuGVDXcFgBo8&q-sign-time=1722087543;1722091143&q-key-time=1722087543;1722091143&q-header-list=&q-url-param-list=&q-signature=17b79f1c67cf7736da0ca6d1fc0f4bdfb16668aa&x-cos-security-token=OLhnY70Y5hWt7lAXQx5f3ePajI12Yhua3d8d30dd8e4434db73531c297ffbeddd0BeUvDO4IQwubfMbiLMoCShgxO1-clZDc3ZucUr8WeG6KJ-nwadv6fp1-VK1OOda2XW_2GuIVaY6yeyqehaQq9Ig69FUuCufRmcWqcFF7RrBNB0W4Mwau8ax3HFKVNoibWxWa1tze2nfkn92_OBS8_MWw3mPWdCPE-kJYEDkJdxzxlV0mX2B4bOtLWjB-1X_L5g2fHSBXsaasykl7u0E6E677cK2Brf6o0MexlBvgp4FctpurEDkPWz7OoX3dIo9zlRkUrkn-AjAXMeqRr2lxWwhA87y2MnOnUxQDVxXBMSd4uvdNoIT_u6HcxC0BiYxOeUfT7YaDI1Vj7FpYnsXd9Qh2X0nW3-fV0InOce0XJzlZam6EwWMKP2RqAK4jnik3in8G7CoeLpfCH7-edkJedODOiISXhw7JI0YwnlHTIemhJcO4QkOOjEbmm7YMs2uVNAwxUKC8ijXWlPiLX_yiOkzcm3-XuivqQOad5kgGauzN4utwyz9LU2N-CZFOtAPYvt7_o8Q0WwyfgOIeEUUaMszlPVZ9wq9dYKqtl5YBEHdbPvzwXqGBis9SSLoHrdv3vI5HksTi37EgdY1D4ZRlt7OThe5-__tF6R8V22s8c5KU9vLtN0oiajx_01wM2CtjvPOd1-WeHt0x9SwAXk8Xm1NaaB8rReL7NR53zbxxv4FHImT3CF0Ujev_DAzdeG2MBVG6XOCPDgOc8pG-_ZTdBd9HC5llzRwLouCcNbk77bfoRRg88s5pBTE79nN_CZu4rppSJaYvb-nZkDH6ZjvBqQ6pwHHMIbW4OtAn3DeOX-2vE0RVvYqRhbdc1CV8m-kQ1gQIdUGbIt-vvyRLZmI2xFW2g7dobFPMqkElqb0b7zRB7QaxhIC6NpF9Fu-wk7u-To9lwkZ9WpBxjDz57Ocj7C0alcB8Gs2jMUYcwnzsFSXiFdPX3oxG6Mf-5SKzrpduPuQ9GCfizc6UiSMn66f8NF4WJK2c9nlOP7PJ7nEb4Y4Gi2cFRT1YT2kBJP_WAPaN8gLbAe943nQwLNl--vBnLGw5V-Px_dIsoRJD6SL0nmSugKyQziwq-tOn9fB7SQ15W4Wsg2A7sZtSD4dhlOwhfcobxkl-mOylaVc6XEtu0ed6hKZvhCGD-jgrdtfEwG1MIM4tuJjTU0ruQ4X5C4FL_YLr8veJSKsSUEpot9o_PHE4NMvBgVH4N_NlWgxD9d1GVWfTxEzp6vz6Yu1M1POFWNy8oSMBBtE1PXvIIMR8Kc
# 茶树菇牛肉.jpg,https://pigkiller-011955-1319328397.cos.ap-beijing.myqcloud.com/%23%20%E8%8C%B6%E6%A0%91%E8%8F%87%E7%89%9B%E8%82%89.jpg?q-sign-algorithm=sha1&q-ak=AKIDOosSoMqM6xFxI8Gt5Ixne8o8geZ-y7WDck4ZLZOGG-W8xQK0A6AqBuGVDXcFgBo8&q-sign-time=1722087543;1722091143&q-key-time=1722087543;1722091143&q-header-list=&q-url-param-list=&q-signature=969df8242f7bba3c62e7fa4a92f0f8fceea4c26a&x-cos-security-token=OLhnY70Y5hWt7lAXQx5f3ePajI12Yhua3d8d30dd8e4434db73531c297ffbeddd0BeUvDO4IQwubfMbiLMoCShgxO1-clZDc3ZucUr8WeG6KJ-nwadv6fp1-VK1OOda2XW_2GuIVaY6yeyqehaQq9Ig69FUuCufRmcWqcFF7RrBNB0W4Mwau8ax3HFKVNoibWxWa1tze2nfkn92_OBS8_MWw3mPWdCPE-kJYEDkJdxzxlV0mX2B4bOtLWjB-1X_L5g2fHSBXsaasykl7u0E6E677cK2Brf6o0MexlBvgp4FctpurEDkPWz7OoX3dIo9zlRkUrkn-AjAXMeqRr2lxWwhA87y2MnOnUxQDVxXBMSd4uvdNoIT_u6HcxC0BiYxOeUfT7YaDI1Vj7FpYnsXd9Qh2X0nW3-fV0InOce0XJzlZam6EwWMKP2RqAK4jnik3in8G7CoeLpfCH7-edkJedODOiISXhw7JI0YwnlHTIemhJcO4QkOOjEbmm7YMs2uVNAwxUKC8ijXWlPiLX_yiOkzcm3-XuivqQOad5kgGauzN4utwyz9LU2N-CZFOtAPYvt7_o8Q0WwyfgOIeEUUaMszlPVZ9wq9dYKqtl5YBEHdbPvzwXqGBis9SSLoHrdv3vI5HksTi37EgdY1D4ZRlt7OThe5-__tF6R8V22s8c5KU9vLtN0oiajx_01wM2CtjvPOd1-WeHt0x9SwAXk8Xm1NaaB8rReL7NR53zbxxv4FHImT3CF0Ujev_DAzdeG2MBVG6XOCPDgOc8pG-_ZTdBd9HC5llzRwLouCcNbk77bfoRRg88s5pBTE79nN_CZu4rppSJaYvb-nZkDH6ZjvBqQ6pwHHMIbW4OtAn3DeOX-2vE0RVvYqRhbdc1CV8m-kQ1gQIdUGbIt-vvyRLZmI2xFW2g7dobFPMqkElqb0b7zRB7QaxhIC6NpF9Fu-wk7u-To9lwkZ9WpBxjDz57Ocj7C0alcB8Gs2jMUYcwnzsFSXiFdPX3oxG6Mf-5SKzrpduPuQ9GCfizc6UiSMn66f8NF4WJK2c9nlOP7PJ7nEb4Y4Gi2cFRT1YT2kBJP_WAPaN8gLbAe943nQwLNl--vBnLGw5V-Px_dIsoRJD6SL0nmSugKyQziwq-tOn9fB7SQ15W4Wsg2A7sZtSD4dhlOwhfcobxkl-mOylaVc6XEtu0ed6hKZvhCGD-jgrdtfEwG1MIM4tuJjTU0ruQ4X5C4FL_YLr8veJSKsSUEpot9o_PHE4NMvBgVH4N_NlWgxD9d1GVWfTxEzp6vz6Yu1M1POFWNy8oSMBBtE1PXvIIMR8Kc
# 蒜蓉虾.jpg,https://pigkiller-011955-1319328397.cos.ap-beijing.myqcloud.com/%23%20%E8%92%9C%E8%93%89%E8%99%BE.jpg?q-sign-algorithm=sha1&q-ak=AKIDOosSoMqM6xFxI8Gt5Ixne8o8geZ-y7WDck4ZLZOGG-W8xQK0A6AqBuGVDXcFgBo8&q-sign-time=1722087543;1722091143&q-key-time=1722087543;1722091143&q-header-list=&q-url-param-list=&q-signature=51b1df45c1c8dd144f621e06b86b92fe238f7b37&x-cos-security-token=OLhnY70Y5hWt7lAXQx5f3ePajI12Yhua3d8d30dd8e4434db73531c297ffbeddd0BeUvDO4IQwubfMbiLMoCShgxO1-clZDc3ZucUr8WeG6KJ-nwadv6fp1-VK1OOda2XW_2GuIVaY6yeyqehaQq9Ig69FUuCufRmcWqcFF7RrBNB0W4Mwau8ax3HFKVNoibWxWa1tze2nfkn92_OBS8_MWw3mPWdCPE-kJYEDkJdxzxlV0mX2B4bOtLWjB-1X_L5g2fHSBXsaasykl7u0E6E677cK2Brf6o0MexlBvgp4FctpurEDkPWz7OoX3dIo9zlRkUrkn-AjAXMeqRr2lxWwhA87y2MnOnUxQDVxXBMSd4uvdNoIT_u6HcxC0BiYxOeUfT7YaDI1Vj7FpYnsXd9Qh2X0nW3-fV0InOce0XJzlZam6EwWMKP2RqAK4jnik3in8G7CoeLpfCH7-edkJedODOiISXhw7JI0YwnlHTIemhJcO4QkOOjEbmm7YMs2uVNAwxUKC8ijXWlPiLX_yiOkzcm3-XuivqQOad5kgGauzN4utwyz9LU2N-CZFOtAPYvt7_o8Q0WwyfgOIeEUUaMszlPVZ9wq9dYKqtl5YBEHdbPvzwXqGBis9SSLoHrdv3vI5HksTi37EgdY1D4ZRlt7OThe5-__tF6R8V22s8c5KU9vLtN0oiajx_01wM2CtjvPOd1-WeHt0x9SwAXk8Xm1NaaB8rReL7NR53zbxxv4FHImT3CF0Ujev_DAzdeG2MBVG6XOCPDgOc8pG-_ZTdBd9HC5llzRwLouCcNbk77bfoRRg88s5pBTE79nN_CZu4rppSJaYvb-nZkDH6ZjvBqQ6pwHHMIbW4OtAn3DeOX-2vE0RVvYqRhbdc1CV8m-kQ1gQIdUGbIt-vvyRLZmI2xFW2g7dobFPMqkElqb0b7zRB7QaxhIC6NpF9Fu-wk7u-To9lwkZ9WpBxjDz57Ocj7C0alcB8Gs2jMUYcwnzsFSXiFdPX3oxG6Mf-5SKzrpduPuQ9GCfizc6UiSMn66f8NF4WJK2c9nlOP7PJ7nEb4Y4Gi2cFRT1YT2kBJP_WAPaN8gLbAe943nQwLNl--vBnLGw5V-Px_dIsoRJD6SL0nmSugKyQziwq-tOn9fB7SQ15W4Wsg2A7sZtSD4dhlOwhfcobxkl-mOylaVc6XEtu0ed6hKZvhCGD-jgrdtfEwG1MIM4tuJjTU0ruQ4X5C4FL_YLr8veJSKsSUEpot9o_PHE4NMvBgVH4N_NlWgxD9d1GVWfTxEzp6vz6Yu1M1POFWNy8oSMBBtE1PXvIIMR8Kc
# 藤椒鸡煲.jpg,https://pigkiller-011955-1319328397.cos.ap-beijing.myqcloud.com/%23%20%E8%97%A4%E6%A4%92%E9%B8%A1%E7%85%B2.jpg?q-sign-algorithm=sha1&q-ak=AKIDOosSoMqM6xFxI8Gt5Ixne8o8geZ-y7WDck4ZLZOGG-W8xQK0A6AqBuGVDXcFgBo8&q-sign-time=1722087543;1722091143&q-key-time=1722087543;1722091143&q-header-list=&q-url-param-list=&q-signature=269478cc7061e45ab24a5d105b0346569e15dd52&x-cos-security-token=OLhnY70Y5hWt7lAXQx5f3ePajI12Yhua3d8d30dd8e4434db73531c297ffbeddd0BeUvDO4IQwubfMbiLMoCShgxO1-clZDc3ZucUr8WeG6KJ-nwadv6fp1-VK1OOda2XW_2GuIVaY6yeyqehaQq9Ig69FUuCufRmcWqcFF7RrBNB0W4Mwau8ax3HFKVNoibWxWa1tze2nfkn92_OBS8_MWw3mPWdCPE-kJYEDkJdxzxlV0mX2B4bOtLWjB-1X_L5g2fHSBXsaasykl7u0E6E677cK2Brf6o0MexlBvgp4FctpurEDkPWz7OoX3dIo9zlRkUrkn-AjAXMeqRr2lxWwhA87y2MnOnUxQDVxXBMSd4uvdNoIT_u6HcxC0BiYxOeUfT7YaDI1Vj7FpYnsXd9Qh2X0nW3-fV0InOce0XJzlZam6EwWMKP2RqAK4jnik3in8G7CoeLpfCH7-edkJedODOiISXhw7JI0YwnlHTIemhJcO4QkOOjEbmm7YMs2uVNAwxUKC8ijXWlPiLX_yiOkzcm3-XuivqQOad5kgGauzN4utwyz9LU2N-CZFOtAPYvt7_o8Q0WwyfgOIeEUUaMszlPVZ9wq9dYKqtl5YBEHdbPvzwXqGBis9SSLoHrdv3vI5HksTi37EgdY1D4ZRlt7OThe5-__tF6R8V22s8c5KU9vLtN0oiajx_01wM2CtjvPOd1-WeHt0x9SwAXk8Xm1NaaB8rReL7NR53zbxxv4FHImT3CF0Ujev_DAzdeG2MBVG6XOCPDgOc8pG-_ZTdBd9HC5llzRwLouCcNbk77bfoRRg88s5pBTE79nN_CZu4rppSJaYvb-nZkDH6ZjvBqQ6pwHHMIbW4OtAn3DeOX-2vE0RVvYqRhbdc1CV8m-kQ1gQIdUGbIt-vvyRLZmI2xFW2g7dobFPMqkElqb0b7zRB7QaxhIC6NpF9Fu-wk7u-To9lwkZ9WpBxjDz57Ocj7C0alcB8Gs2jMUYcwnzsFSXiFdPX3oxG6Mf-5SKzrpduPuQ9GCfizc6UiSMn66f8NF4WJK2c9nlOP7PJ7nEb4Y4Gi2cFRT1YT2kBJP_WAPaN8gLbAe943nQwLNl--vBnLGw5V-Px_dIsoRJD6SL0nmSugKyQziwq-tOn9fB7SQ15W4Wsg2A7sZtSD4dhlOwhfcobxkl-mOylaVc6XEtu0ed6hKZvhCGD-jgrdtfEwG1MIM4tuJjTU0ruQ4X5C4FL_YLr8veJSKsSUEpot9o_PHE4NMvBgVH4N_NlWgxD9d1GVWfTxEzp6vz6Yu1M1POFWNy8oSMBBtE1PXvIIMR8Kc
# 虾仁拌饭.jpg,https://pigkiller-011955-1319328397.cos.ap-beijing.myqcloud.com/%23%20%E8%99%BE%E4%BB%81%E6%8B%8C%E9%A5%AD.jpg?q-sign-algorithm=sha1&q-ak=AKIDOosSoMqM6xFxI8Gt5Ixne8o8geZ-y7WDck4ZLZOGG-W8xQK0A6AqBuGVDXcFgBo8&q-sign-time=1722087543;1722091143&q-key-time=1722087543;1722091143&q-header-list=&q-url-param-list=&q-signature=a60b8546d741b30e572d333f8db8bcbe347c2261&x-cos-security-token=OLhnY70Y5hWt7lAXQx5f3ePajI12Yhua3d8d30dd8e4434db73531c297ffbeddd0BeUvDO4IQwubfMbiLMoCShgxO1-clZDc3ZucUr8WeG6KJ-nwadv6fp1-VK1OOda2XW_2GuIVaY6yeyqehaQq9Ig69FUuCufRmcWqcFF7RrBNB0W4Mwau8ax3HFKVNoibWxWa1tze2nfkn92_OBS8_MWw3mPWdCPE-kJYEDkJdxzxlV0mX2B4bOtLWjB-1X_L5g2fHSBXsaasykl7u0E6E677cK2Brf6o0MexlBvgp4FctpurEDkPWz7OoX3dIo9zlRkUrkn-AjAXMeqRr2lxWwhA87y2MnOnUxQDVxXBMSd4uvdNoIT_u6HcxC0BiYxOeUfT7YaDI1Vj7FpYnsXd9Qh2X0nW3-fV0InOce0XJzlZam6EwWMKP2RqAK4jnik3in8G7CoeLpfCH7-edkJedODOiISXhw7JI0YwnlHTIemhJcO4QkOOjEbmm7YMs2uVNAwxUKC8ijXWlPiLX_yiOkzcm3-XuivqQOad5kgGauzN4utwyz9LU2N-CZFOtAPYvt7_o8Q0WwyfgOIeEUUaMszlPVZ9wq9dYKqtl5YBEHdbPvzwXqGBis9SSLoHrdv3vI5HksTi37EgdY1D4ZRlt7OThe5-__tF6R8V22s8c5KU9vLtN0oiajx_01wM2CtjvPOd1-WeHt0x9SwAXk8Xm1NaaB8rReL7NR53zbxxv4FHImT3CF0Ujev_DAzdeG2MBVG6XOCPDgOc8pG-_ZTdBd9HC5llzRwLouCcNbk77bfoRRg88s5pBTE79nN_CZu4rppSJaYvb-nZkDH6ZjvBqQ6pwHHMIbW4OtAn3DeOX-2vE0RVvYqRhbdc1CV8m-kQ1gQIdUGbIt-vvyRLZmI2xFW2g7dobFPMqkElqb0b7zRB7QaxhIC6NpF9Fu-wk7u-To9lwkZ9WpBxjDz57Ocj7C0alcB8Gs2jMUYcwnzsFSXiFdPX3oxG6Mf-5SKzrpduPuQ9GCfizc6UiSMn66f8NF4WJK2c9nlOP7PJ7nEb4Y4Gi2cFRT1YT2kBJP_WAPaN8gLbAe943nQwLNl--vBnLGw5V-Px_dIsoRJD6SL0nmSugKyQziwq-tOn9fB7SQ15W4Wsg2A7sZtSD4dhlOwhfcobxkl-mOylaVc6XEtu0ed6hKZvhCGD-jgrdtfEwG1MIM4tuJjTU0ruQ4X5C4FL_YLr8veJSKsSUEpot9o_PHE4NMvBgVH4N_NlWgxD9d1GVWfTxEzp6vz6Yu1M1POFWNy8oSMBBtE1PXvIIMR8Kc
# 豉香巴沙鱼套餐.jpg,https://pigkiller-011955-1319328397.cos.ap-beijing.myqcloud.com/%23%20%E8%B1%89%E9%A6%99%E5%B7%B4%E6%B2%99%E9%B1%BC%E5%A5%97%E9%A4%90.jpg?q-sign-algorithm=sha1&q-ak=AKIDOosSoMqM6xFxI8Gt5Ixne8o8geZ-y7WDck4ZLZOGG-W8xQK0A6AqBuGVDXcFgBo8&q-sign-time=1722087543;1722091143&q-key-time=1722087543;1722091143&q-header-list=&q-url-param-list=&q-signature=430ef87f75c4c3ef06b2c7de4d8ddf35f5e525bb&x-cos-security-token=OLhnY70Y5hWt7lAXQx5f3ePajI12Yhua3d8d30dd8e4434db73531c297ffbeddd0BeUvDO4IQwubfMbiLMoCShgxO1-clZDc3ZucUr8WeG6KJ-nwadv6fp1-VK1OOda2XW_2GuIVaY6yeyqehaQq9Ig69FUuCufRmcWqcFF7RrBNB0W4Mwau8ax3HFKVNoibWxWa1tze2nfkn92_OBS8_MWw3mPWdCPE-kJYEDkJdxzxlV0mX2B4bOtLWjB-1X_L5g2fHSBXsaasykl7u0E6E677cK2Brf6o0MexlBvgp4FctpurEDkPWz7OoX3dIo9zlRkUrkn-AjAXMeqRr2lxWwhA87y2MnOnUxQDVxXBMSd4uvdNoIT_u6HcxC0BiYxOeUfT7YaDI1Vj7FpYnsXd9Qh2X0nW3-fV0InOce0XJzlZam6EwWMKP2RqAK4jnik3in8G7CoeLpfCH7-edkJedODOiISXhw7JI0YwnlHTIemhJcO4QkOOjEbmm7YMs2uVNAwxUKC8ijXWlPiLX_yiOkzcm3-XuivqQOad5kgGauzN4utwyz9LU2N-CZFOtAPYvt7_o8Q0WwyfgOIeEUUaMszlPVZ9wq9dYKqtl5YBEHdbPvzwXqGBis9SSLoHrdv3vI5HksTi37EgdY1D4ZRlt7OThe5-__tF6R8V22s8c5KU9vLtN0oiajx_01wM2CtjvPOd1-WeHt0x9SwAXk8Xm1NaaB8rReL7NR53zbxxv4FHImT3CF0Ujev_DAzdeG2MBVG6XOCPDgOc8pG-_ZTdBd9HC5llzRwLouCcNbk77bfoRRg88s5pBTE79nN_CZu4rppSJaYvb-nZkDH6ZjvBqQ6pwHHMIbW4OtAn3DeOX-2vE0RVvYqRhbdc1CV8m-kQ1gQIdUGbIt-vvyRLZmI2xFW2g7dobFPMqkElqb0b7zRB7QaxhIC6NpF9Fu-wk7u-To9lwkZ9WpBxjDz57Ocj7C0alcB8Gs2jMUYcwnzsFSXiFdPX3oxG6Mf-5SKzrpduPuQ9GCfizc6UiSMn66f8NF4WJK2c9nlOP7PJ7nEb4Y4Gi2cFRT1YT2kBJP_WAPaN8gLbAe943nQwLNl--vBnLGw5V-Px_dIsoRJD6SL0nmSugKyQziwq-tOn9fB7SQ15W4Wsg2A7sZtSD4dhlOwhfcobxkl-mOylaVc6XEtu0ed6hKZvhCGD-jgrdtfEwG1MIM4tuJjTU0ruQ4X5C4FL_YLr8veJSKsSUEpot9o_PHE4NMvBgVH4N_NlWgxD9d1GVWfTxEzp6vz6Yu1M1POFWNy8oSMBBtE1PXvIIMR8Kc
# 过油肉拌面.jpg,https://pigkiller-011955-1319328397.cos.ap-beijing.myqcloud.com/%23%20%E8%BF%87%E6%B2%B9%E8%82%89%E6%8B%8C%E9%9D%A2.jpg?q-sign-algorithm=sha1&q-ak=AKIDOosSoMqM6xFxI8Gt5Ixne8o8geZ-y7WDck4ZLZOGG-W8xQK0A6AqBuGVDXcFgBo8&q-sign-time=1722087543;1722091143&q-key-time=1722087543;1722091143&q-header-list=&q-url-param-list=&q-signature=8cd8c6c7779ac4bf846fad25f577a89b3d7445fe&x-cos-security-token=OLhnY70Y5hWt7lAXQx5f3ePajI12Yhua3d8d30dd8e4434db73531c297ffbeddd0BeUvDO4IQwubfMbiLMoCShgxO1-clZDc3ZucUr8WeG6KJ-nwadv6fp1-VK1OOda2XW_2GuIVaY6yeyqehaQq9Ig69FUuCufRmcWqcFF7RrBNB0W4Mwau8ax3HFKVNoibWxWa1tze2nfkn92_OBS8_MWw3mPWdCPE-kJYEDkJdxzxlV0mX2B4bOtLWjB-1X_L5g2fHSBXsaasykl7u0E6E677cK2Brf6o0MexlBvgp4FctpurEDkPWz7OoX3dIo9zlRkUrkn-AjAXMeqRr2lxWwhA87y2MnOnUxQDVxXBMSd4uvdNoIT_u6HcxC0BiYxOeUfT7YaDI1Vj7FpYnsXd9Qh2X0nW3-fV0InOce0XJzlZam6EwWMKP2RqAK4jnik3in8G7CoeLpfCH7-edkJedODOiISXhw7JI0YwnlHTIemhJcO4QkOOjEbmm7YMs2uVNAwxUKC8ijXWlPiLX_yiOkzcm3-XuivqQOad5kgGauzN4utwyz9LU2N-CZFOtAPYvt7_o8Q0WwyfgOIeEUUaMszlPVZ9wq9dYKqtl5YBEHdbPvzwXqGBis9SSLoHrdv3vI5HksTi37EgdY1D4ZRlt7OThe5-__tF6R8V22s8c5KU9vLtN0oiajx_01wM2CtjvPOd1-WeHt0x9SwAXk8Xm1NaaB8rReL7NR53zbxxv4FHImT3CF0Ujev_DAzdeG2MBVG6XOCPDgOc8pG-_ZTdBd9HC5llzRwLouCcNbk77bfoRRg88s5pBTE79nN_CZu4rppSJaYvb-nZkDH6ZjvBqQ6pwHHMIbW4OtAn3DeOX-2vE0RVvYqRhbdc1CV8m-kQ1gQIdUGbIt-vvyRLZmI2xFW2g7dobFPMqkElqb0b7zRB7QaxhIC6NpF9Fu-wk7u-To9lwkZ9WpBxjDz57Ocj7C0alcB8Gs2jMUYcwnzsFSXiFdPX3oxG6Mf-5SKzrpduPuQ9GCfizc6UiSMn66f8NF4WJK2c9nlOP7PJ7nEb4Y4Gi2cFRT1YT2kBJP_WAPaN8gLbAe943nQwLNl--vBnLGw5V-Px_dIsoRJD6SL0nmSugKyQziwq-tOn9fB7SQ15W4Wsg2A7sZtSD4dhlOwhfcobxkl-mOylaVc6XEtu0ed6hKZvhCGD-jgrdtfEwG1MIM4tuJjTU0ruQ4X5C4FL_YLr8veJSKsSUEpot9o_PHE4NMvBgVH4N_NlWgxD9d1GVWfTxEzp6vz6Yu1M1POFWNy8oSMBBtE1PXvIIMR8Kc
# 避风塘狼牙土豆.jpg,https://pigkiller-011955-1319328397.cos.ap-beijing.myqcloud.com/%23%20%E9%81%BF%E9%A3%8E%E5%A1%98%E7%8B%BC%E7%89%99%E5%9C%9F%E8%B1%86.jpg?q-sign-algorithm=sha1&q-ak=AKIDOosSoMqM6xFxI8Gt5Ixne8o8geZ-y7WDck4ZLZOGG-W8xQK0A6AqBuGVDXcFgBo8&q-sign-time=1722087543;1722091143&q-key-time=1722087543;1722091143&q-header-list=&q-url-param-list=&q-signature=d101dcc5aa97156a9d172feb82f4ad26091ee640&x-cos-security-token=OLhnY70Y5hWt7lAXQx5f3ePajI12Yhua3d8d30dd8e4434db73531c297ffbeddd0BeUvDO4IQwubfMbiLMoCShgxO1-clZDc3ZucUr8WeG6KJ-nwadv6fp1-VK1OOda2XW_2GuIVaY6yeyqehaQq9Ig69FUuCufRmcWqcFF7RrBNB0W4Mwau8ax3HFKVNoibWxWa1tze2nfkn92_OBS8_MWw3mPWdCPE-kJYEDkJdxzxlV0mX2B4bOtLWjB-1X_L5g2fHSBXsaasykl7u0E6E677cK2Brf6o0MexlBvgp4FctpurEDkPWz7OoX3dIo9zlRkUrkn-AjAXMeqRr2lxWwhA87y2MnOnUxQDVxXBMSd4uvdNoIT_u6HcxC0BiYxOeUfT7YaDI1Vj7FpYnsXd9Qh2X0nW3-fV0InOce0XJzlZam6EwWMKP2RqAK4jnik3in8G7CoeLpfCH7-edkJedODOiISXhw7JI0YwnlHTIemhJcO4QkOOjEbmm7YMs2uVNAwxUKC8ijXWlPiLX_yiOkzcm3-XuivqQOad5kgGauzN4utwyz9LU2N-CZFOtAPYvt7_o8Q0WwyfgOIeEUUaMszlPVZ9wq9dYKqtl5YBEHdbPvzwXqGBis9SSLoHrdv3vI5HksTi37EgdY1D4ZRlt7OThe5-__tF6R8V22s8c5KU9vLtN0oiajx_01wM2CtjvPOd1-WeHt0x9SwAXk8Xm1NaaB8rReL7NR53zbxxv4FHImT3CF0Ujev_DAzdeG2MBVG6XOCPDgOc8pG-_ZTdBd9HC5llzRwLouCcNbk77bfoRRg88s5pBTE79nN_CZu4rppSJaYvb-nZkDH6ZjvBqQ6pwHHMIbW4OtAn3DeOX-2vE0RVvYqRhbdc1CV8m-kQ1gQIdUGbIt-vvyRLZmI2xFW2g7dobFPMqkElqb0b7zRB7QaxhIC6NpF9Fu-wk7u-To9lwkZ9WpBxjDz57Ocj7C0alcB8Gs2jMUYcwnzsFSXiFdPX3oxG6Mf-5SKzrpduPuQ9GCfizc6UiSMn66f8NF4WJK2c9nlOP7PJ7nEb4Y4Gi2cFRT1YT2kBJP_WAPaN8gLbAe943nQwLNl--vBnLGw5V-Px_dIsoRJD6SL0nmSugKyQziwq-tOn9fB7SQ15W4Wsg2A7sZtSD4dhlOwhfcobxkl-mOylaVc6XEtu0ed6hKZvhCGD-jgrdtfEwG1MIM4tuJjTU0ruQ4X5C4FL_YLr8veJSKsSUEpot9o_PHE4NMvBgVH4N_NlWgxD9d1GVWfTxEzp6vz6Yu1M1POFWNy8oSMBBtE1PXvIIMR8Kc
# 金汤豆花鱼.jpg,https://pigkiller-011955-1319328397.cos.ap-beijing.myqcloud.com/%23%20%E9%87%91%E6%B1%A4%E8%B1%86%E8%8A%B1%E9%B1%BC.jpg?q-sign-algorithm=sha1&q-ak=AKIDOosSoMqM6xFxI8Gt5Ixne8o8geZ-y7WDck4ZLZOGG-W8xQK0A6AqBuGVDXcFgBo8&q-sign-time=1722087543;1722091143&q-key-time=1722087543;1722091143&q-header-list=&q-url-param-list=&q-signature=45458709900b4b8caabe0ad3905d01b0bbe2d347&x-cos-security-token=OLhnY70Y5hWt7lAXQx5f3ePajI12Yhua3d8d30dd8e4434db73531c297ffbeddd0BeUvDO4IQwubfMbiLMoCShgxO1-clZDc3ZucUr8WeG6KJ-nwadv6fp1-VK1OOda2XW_2GuIVaY6yeyqehaQq9Ig69FUuCufRmcWqcFF7RrBNB0W4Mwau8ax3HFKVNoibWxWa1tze2nfkn92_OBS8_MWw3mPWdCPE-kJYEDkJdxzxlV0mX2B4bOtLWjB-1X_L5g2fHSBXsaasykl7u0E6E677cK2Brf6o0MexlBvgp4FctpurEDkPWz7OoX3dIo9zlRkUrkn-AjAXMeqRr2lxWwhA87y2MnOnUxQDVxXBMSd4uvdNoIT_u6HcxC0BiYxOeUfT7YaDI1Vj7FpYnsXd9Qh2X0nW3-fV0InOce0XJzlZam6EwWMKP2RqAK4jnik3in8G7CoeLpfCH7-edkJedODOiISXhw7JI0YwnlHTIemhJcO4QkOOjEbmm7YMs2uVNAwxUKC8ijXWlPiLX_yiOkzcm3-XuivqQOad5kgGauzN4utwyz9LU2N-CZFOtAPYvt7_o8Q0WwyfgOIeEUUaMszlPVZ9wq9dYKqtl5YBEHdbPvzwXqGBis9SSLoHrdv3vI5HksTi37EgdY1D4ZRlt7OThe5-__tF6R8V22s8c5KU9vLtN0oiajx_01wM2CtjvPOd1-WeHt0x9SwAXk8Xm1NaaB8rReL7NR53zbxxv4FHImT3CF0Ujev_DAzdeG2MBVG6XOCPDgOc8pG-_ZTdBd9HC5llzRwLouCcNbk77bfoRRg88s5pBTE79nN_CZu4rppSJaYvb-nZkDH6ZjvBqQ6pwHHMIbW4OtAn3DeOX-2vE0RVvYqRhbdc1CV8m-kQ1gQIdUGbIt-vvyRLZmI2xFW2g7dobFPMqkElqb0b7zRB7QaxhIC6NpF9Fu-wk7u-To9lwkZ9WpBxjDz57Ocj7C0alcB8Gs2jMUYcwnzsFSXiFdPX3oxG6Mf-5SKzrpduPuQ9GCfizc6UiSMn66f8NF4WJK2c9nlOP7PJ7nEb4Y4Gi2cFRT1YT2kBJP_WAPaN8gLbAe943nQwLNl--vBnLGw5V-Px_dIsoRJD6SL0nmSugKyQziwq-tOn9fB7SQ15W4Wsg2A7sZtSD4dhlOwhfcobxkl-mOylaVc6XEtu0ed6hKZvhCGD-jgrdtfEwG1MIM4tuJjTU0ruQ4X5C4FL_YLr8veJSKsSUEpot9o_PHE4NMvBgVH4N_NlWgxD9d1GVWfTxEzp6vz6Yu1M1POFWNy8oSMBBtE1PXvIIMR8Kc
# 铁板系列.jpg,https://pigkiller-011955-1319328397.cos.ap-beijing.myqcloud.com/%23%20%E9%93%81%E6%9D%BF%E7%B3%BB%E5%88%97.jpg?q-sign-algorithm=sha1&q-ak=AKIDOosSoMqM6xFxI8Gt5Ixne8o8geZ-y7WDck4ZLZOGG-W8xQK0A6AqBuGVDXcFgBo8&q-sign-time=1722087543;1722091143&q-key-time=1722087543;1722091143&q-header-list=&q-url-param-list=&q-signature=4481cbc2fd1b24f6f334d85e23015c3f80613590&x-cos-security-token=OLhnY70Y5hWt7lAXQx5f3ePajI12Yhua3d8d30dd8e4434db73531c297ffbeddd0BeUvDO4IQwubfMbiLMoCShgxO1-clZDc3ZucUr8WeG6KJ-nwadv6fp1-VK1OOda2XW_2GuIVaY6yeyqehaQq9Ig69FUuCufRmcWqcFF7RrBNB0W4Mwau8ax3HFKVNoibWxWa1tze2nfkn92_OBS8_MWw3mPWdCPE-kJYEDkJdxzxlV0mX2B4bOtLWjB-1X_L5g2fHSBXsaasykl7u0E6E677cK2Brf6o0MexlBvgp4FctpurEDkPWz7OoX3dIo9zlRkUrkn-AjAXMeqRr2lxWwhA87y2MnOnUxQDVxXBMSd4uvdNoIT_u6HcxC0BiYxOeUfT7YaDI1Vj7FpYnsXd9Qh2X0nW3-fV0InOce0XJzlZam6EwWMKP2RqAK4jnik3in8G7CoeLpfCH7-edkJedODOiISXhw7JI0YwnlHTIemhJcO4QkOOjEbmm7YMs2uVNAwxUKC8ijXWlPiLX_yiOkzcm3-XuivqQOad5kgGauzN4utwyz9LU2N-CZFOtAPYvt7_o8Q0WwyfgOIeEUUaMszlPVZ9wq9dYKqtl5YBEHdbPvzwXqGBis9SSLoHrdv3vI5HksTi37EgdY1D4ZRlt7OThe5-__tF6R8V22s8c5KU9vLtN0oiajx_01wM2CtjvPOd1-WeHt0x9SwAXk8Xm1NaaB8rReL7NR53zbxxv4FHImT3CF0Ujev_DAzdeG2MBVG6XOCPDgOc8pG-_ZTdBd9HC5llzRwLouCcNbk77bfoRRg88s5pBTE79nN_CZu4rppSJaYvb-nZkDH6ZjvBqQ6pwHHMIbW4OtAn3DeOX-2vE0RVvYqRhbdc1CV8m-kQ1gQIdUGbIt-vvyRLZmI2xFW2g7dobFPMqkElqb0b7zRB7QaxhIC6NpF9Fu-wk7u-To9lwkZ9WpBxjDz57Ocj7C0alcB8Gs2jMUYcwnzsFSXiFdPX3oxG6Mf-5SKzrpduPuQ9GCfizc6UiSMn66f8NF4WJK2c9nlOP7PJ7nEb4Y4Gi2cFRT1YT2kBJP_WAPaN8gLbAe943nQwLNl--vBnLGw5V-Px_dIsoRJD6SL0nmSugKyQziwq-tOn9fB7SQ15W4Wsg2A7sZtSD4dhlOwhfcobxkl-mOylaVc6XEtu0ed6hKZvhCGD-jgrdtfEwG1MIM4tuJjTU0ruQ4X5C4FL_YLr8veJSKsSUEpot9o_PHE4NMvBgVH4N_NlWgxD9d1GVWfTxEzp6vz6Yu1M1POFWNy8oSMBBtE1PXvIIMR8Kc
# 铁板腊肠饭.jpg,https://pigkiller-011955-1319328397.cos.ap-beijing.myqcloud.com/%23%20%E9%93%81%E6%9D%BF%E8%85%8A%E8%82%A0%E9%A5%AD.jpg?q-sign-algorithm=sha1&q-ak=AKIDOosSoMqM6xFxI8Gt5Ixne8o8geZ-y7WDck4ZLZOGG-W8xQK0A6AqBuGVDXcFgBo8&q-sign-time=1722087543;1722091143&q-key-time=1722087543;1722091143&q-header-list=&q-url-param-list=&q-signature=14345b334c356fbe5c6513e94a294c5436d2b92f&x-cos-security-token=OLhnY70Y5hWt7lAXQx5f3ePajI12Yhua3d8d30dd8e4434db73531c297ffbeddd0BeUvDO4IQwubfMbiLMoCShgxO1-clZDc3ZucUr8WeG6KJ-nwadv6fp1-VK1OOda2XW_2GuIVaY6yeyqehaQq9Ig69FUuCufRmcWqcFF7RrBNB0W4Mwau8ax3HFKVNoibWxWa1tze2nfkn92_OBS8_MWw3mPWdCPE-kJYEDkJdxzxlV0mX2B4bOtLWjB-1X_L5g2fHSBXsaasykl7u0E6E677cK2Brf6o0MexlBvgp4FctpurEDkPWz7OoX3dIo9zlRkUrkn-AjAXMeqRr2lxWwhA87y2MnOnUxQDVxXBMSd4uvdNoIT_u6HcxC0BiYxOeUfT7YaDI1Vj7FpYnsXd9Qh2X0nW3-fV0InOce0XJzlZam6EwWMKP2RqAK4jnik3in8G7CoeLpfCH7-edkJedODOiISXhw7JI0YwnlHTIemhJcO4QkOOjEbmm7YMs2uVNAwxUKC8ijXWlPiLX_yiOkzcm3-XuivqQOad5kgGauzN4utwyz9LU2N-CZFOtAPYvt7_o8Q0WwyfgOIeEUUaMszlPVZ9wq9dYKqtl5YBEHdbPvzwXqGBis9SSLoHrdv3vI5HksTi37EgdY1D4ZRlt7OThe5-__tF6R8V22s8c5KU9vLtN0oiajx_01wM2CtjvPOd1-WeHt0x9SwAXk8Xm1NaaB8rReL7NR53zbxxv4FHImT3CF0Ujev_DAzdeG2MBVG6XOCPDgOc8pG-_ZTdBd9HC5llzRwLouCcNbk77bfoRRg88s5pBTE79nN_CZu4rppSJaYvb-nZkDH6ZjvBqQ6pwHHMIbW4OtAn3DeOX-2vE0RVvYqRhbdc1CV8m-kQ1gQIdUGbIt-vvyRLZmI2xFW2g7dobFPMqkElqb0b7zRB7QaxhIC6NpF9Fu-wk7u-To9lwkZ9WpBxjDz57Ocj7C0alcB8Gs2jMUYcwnzsFSXiFdPX3oxG6Mf-5SKzrpduPuQ9GCfizc6UiSMn66f8NF4WJK2c9nlOP7PJ7nEb4Y4Gi2cFRT1YT2kBJP_WAPaN8gLbAe943nQwLNl--vBnLGw5V-Px_dIsoRJD6SL0nmSugKyQziwq-tOn9fB7SQ15W4Wsg2A7sZtSD4dhlOwhfcobxkl-mOylaVc6XEtu0ed6hKZvhCGD-jgrdtfEwG1MIM4tuJjTU0ruQ4X5C4FL_YLr8veJSKsSUEpot9o_PHE4NMvBgVH4N_NlWgxD9d1GVWfTxEzp6vz6Yu1M1POFWNy8oSMBBtE1PXvIIMR8Kc
# 锡纸羊肉.jpg,https://pigkiller-011955-1319328397.cos.ap-beijing.myqcloud.com/%23%20%E9%94%A1%E7%BA%B8%E7%BE%8A%E8%82%89.jpg?q-sign-algorithm=sha1&q-ak=AKIDOosSoMqM6xFxI8Gt5Ixne8o8geZ-y7WDck4ZLZOGG-W8xQK0A6AqBuGVDXcFgBo8&q-sign-time=1722087543;1722091143&q-key-time=1722087543;1722091143&q-header-list=&q-url-param-list=&q-signature=973bc83ba1dfe7e3b45b187f0c136abdcaedaa1c&x-cos-security-token=OLhnY70Y5hWt7lAXQx5f3ePajI12Yhua3d8d30dd8e4434db73531c297ffbeddd0BeUvDO4IQwubfMbiLMoCShgxO1-clZDc3ZucUr8WeG6KJ-nwadv6fp1-VK1OOda2XW_2GuIVaY6yeyqehaQq9Ig69FUuCufRmcWqcFF7RrBNB0W4Mwau8ax3HFKVNoibWxWa1tze2nfkn92_OBS8_MWw3mPWdCPE-kJYEDkJdxzxlV0mX2B4bOtLWjB-1X_L5g2fHSBXsaasykl7u0E6E677cK2Brf6o0MexlBvgp4FctpurEDkPWz7OoX3dIo9zlRkUrkn-AjAXMeqRr2lxWwhA87y2MnOnUxQDVxXBMSd4uvdNoIT_u6HcxC0BiYxOeUfT7YaDI1Vj7FpYnsXd9Qh2X0nW3-fV0InOce0XJzlZam6EwWMKP2RqAK4jnik3in8G7CoeLpfCH7-edkJedODOiISXhw7JI0YwnlHTIemhJcO4QkOOjEbmm7YMs2uVNAwxUKC8ijXWlPiLX_yiOkzcm3-XuivqQOad5kgGauzN4utwyz9LU2N-CZFOtAPYvt7_o8Q0WwyfgOIeEUUaMszlPVZ9wq9dYKqtl5YBEHdbPvzwXqGBis9SSLoHrdv3vI5HksTi37EgdY1D4ZRlt7OThe5-__tF6R8V22s8c5KU9vLtN0oiajx_01wM2CtjvPOd1-WeHt0x9SwAXk8Xm1NaaB8rReL7NR53zbxxv4FHImT3CF0Ujev_DAzdeG2MBVG6XOCPDgOc8pG-_ZTdBd9HC5llzRwLouCcNbk77bfoRRg88s5pBTE79nN_CZu4rppSJaYvb-nZkDH6ZjvBqQ6pwHHMIbW4OtAn3DeOX-2vE0RVvYqRhbdc1CV8m-kQ1gQIdUGbIt-vvyRLZmI2xFW2g7dobFPMqkElqb0b7zRB7QaxhIC6NpF9Fu-wk7u-To9lwkZ9WpBxjDz57Ocj7C0alcB8Gs2jMUYcwnzsFSXiFdPX3oxG6Mf-5SKzrpduPuQ9GCfizc6UiSMn66f8NF4WJK2c9nlOP7PJ7nEb4Y4Gi2cFRT1YT2kBJP_WAPaN8gLbAe943nQwLNl--vBnLGw5V-Px_dIsoRJD6SL0nmSugKyQziwq-tOn9fB7SQ15W4Wsg2A7sZtSD4dhlOwhfcobxkl-mOylaVc6XEtu0ed6hKZvhCGD-jgrdtfEwG1MIM4tuJjTU0ruQ4X5C4FL_YLr8veJSKsSUEpot9o_PHE4NMvBgVH4N_NlWgxD9d1GVWfTxEzp6vz6Yu1M1POFWNy8oSMBBtE1PXvIIMR8Kc
# 韩式经典肥牛拌饭.jpg,https://pigkiller-011955-1319328397.cos.ap-beijing.myqcloud.com/%23%20%E9%9F%A9%E5%BC%8F%E7%BB%8F%E5%85%B8%E8%82%A5%E7%89%9B%E6%8B%8C%E9%A5%AD.jpg?q-sign-algorithm=sha1&q-ak=AKIDOosSoMqM6xFxI8Gt5Ixne8o8geZ-y7WDck4ZLZOGG-W8xQK0A6AqBuGVDXcFgBo8&q-sign-time=1722087543;1722091143&q-key-time=1722087543;1722091143&q-header-list=&q-url-param-list=&q-signature=90ec640afcd3e434c1e3acba5236c13a4f13a447&x-cos-security-token=OLhnY70Y5hWt7lAXQx5f3ePajI12Yhua3d8d30dd8e4434db73531c297ffbeddd0BeUvDO4IQwubfMbiLMoCShgxO1-clZDc3ZucUr8WeG6KJ-nwadv6fp1-VK1OOda2XW_2GuIVaY6yeyqehaQq9Ig69FUuCufRmcWqcFF7RrBNB0W4Mwau8ax3HFKVNoibWxWa1tze2nfkn92_OBS8_MWw3mPWdCPE-kJYEDkJdxzxlV0mX2B4bOtLWjB-1X_L5g2fHSBXsaasykl7u0E6E677cK2Brf6o0MexlBvgp4FctpurEDkPWz7OoX3dIo9zlRkUrkn-AjAXMeqRr2lxWwhA87y2MnOnUxQDVxXBMSd4uvdNoIT_u6HcxC0BiYxOeUfT7YaDI1Vj7FpYnsXd9Qh2X0nW3-fV0InOce0XJzlZam6EwWMKP2RqAK4jnik3in8G7CoeLpfCH7-edkJedODOiISXhw7JI0YwnlHTIemhJcO4QkOOjEbmm7YMs2uVNAwxUKC8ijXWlPiLX_yiOkzcm3-XuivqQOad5kgGauzN4utwyz9LU2N-CZFOtAPYvt7_o8Q0WwyfgOIeEUUaMszlPVZ9wq9dYKqtl5YBEHdbPvzwXqGBis9SSLoHrdv3vI5HksTi37EgdY1D4ZRlt7OThe5-__tF6R8V22s8c5KU9vLtN0oiajx_01wM2CtjvPOd1-WeHt0x9SwAXk8Xm1NaaB8rReL7NR53zbxxv4FHImT3CF0Ujev_DAzdeG2MBVG6XOCPDgOc8pG-_ZTdBd9HC5llzRwLouCcNbk77bfoRRg88s5pBTE79nN_CZu4rppSJaYvb-nZkDH6ZjvBqQ6pwHHMIbW4OtAn3DeOX-2vE0RVvYqRhbdc1CV8m-kQ1gQIdUGbIt-vvyRLZmI2xFW2g7dobFPMqkElqb0b7zRB7QaxhIC6NpF9Fu-wk7u-To9lwkZ9WpBxjDz57Ocj7C0alcB8Gs2jMUYcwnzsFSXiFdPX3oxG6Mf-5SKzrpduPuQ9GCfizc6UiSMn66f8NF4WJK2c9nlOP7PJ7nEb4Y4Gi2cFRT1YT2kBJP_WAPaN8gLbAe943nQwLNl--vBnLGw5V-Px_dIsoRJD6SL0nmSugKyQziwq-tOn9fB7SQ15W4Wsg2A7sZtSD4dhlOwhfcobxkl-mOylaVc6XEtu0ed6hKZvhCGD-jgrdtfEwG1MIM4tuJjTU0ruQ4X5C4FL_YLr8veJSKsSUEpot9o_PHE4NMvBgVH4N_NlWgxD9d1GVWfTxEzp6vz6Yu1M1POFWNy8oSMBBtE1PXvIIMR8Kc
# 风味鸭腿.jpg,https://pigkiller-011955-1319328397.cos.ap-beijing.myqcloud.com/%23%20%E9%A3%8E%E5%91%B3%E9%B8%AD%E8%85%BF.jpg?q-sign-algorithm=sha1&q-ak=AKIDOosSoMqM6xFxI8Gt5Ixne8o8geZ-y7WDck4ZLZOGG-W8xQK0A6AqBuGVDXcFgBo8&q-sign-time=1722087543;1722091143&q-key-time=1722087543;1722091143&q-header-list=&q-url-param-list=&q-signature=08fe91b52c819e38da929dc2a806a0cf2587020b&x-cos-security-token=OLhnY70Y5hWt7lAXQx5f3ePajI12Yhua3d8d30dd8e4434db73531c297ffbeddd0BeUvDO4IQwubfMbiLMoCShgxO1-clZDc3ZucUr8WeG6KJ-nwadv6fp1-VK1OOda2XW_2GuIVaY6yeyqehaQq9Ig69FUuCufRmcWqcFF7RrBNB0W4Mwau8ax3HFKVNoibWxWa1tze2nfkn92_OBS8_MWw3mPWdCPE-kJYEDkJdxzxlV0mX2B4bOtLWjB-1X_L5g2fHSBXsaasykl7u0E6E677cK2Brf6o0MexlBvgp4FctpurEDkPWz7OoX3dIo9zlRkUrkn-AjAXMeqRr2lxWwhA87y2MnOnUxQDVxXBMSd4uvdNoIT_u6HcxC0BiYxOeUfT7YaDI1Vj7FpYnsXd9Qh2X0nW3-fV0InOce0XJzlZam6EwWMKP2RqAK4jnik3in8G7CoeLpfCH7-edkJedODOiISXhw7JI0YwnlHTIemhJcO4QkOOjEbmm7YMs2uVNAwxUKC8ijXWlPiLX_yiOkzcm3-XuivqQOad5kgGauzN4utwyz9LU2N-CZFOtAPYvt7_o8Q0WwyfgOIeEUUaMszlPVZ9wq9dYKqtl5YBEHdbPvzwXqGBis9SSLoHrdv3vI5HksTi37EgdY1D4ZRlt7OThe5-__tF6R8V22s8c5KU9vLtN0oiajx_01wM2CtjvPOd1-WeHt0x9SwAXk8Xm1NaaB8rReL7NR53zbxxv4FHImT3CF0Ujev_DAzdeG2MBVG6XOCPDgOc8pG-_ZTdBd9HC5llzRwLouCcNbk77bfoRRg88s5pBTE79nN_CZu4rppSJaYvb-nZkDH6ZjvBqQ6pwHHMIbW4OtAn3DeOX-2vE0RVvYqRhbdc1CV8m-kQ1gQIdUGbIt-vvyRLZmI2xFW2g7dobFPMqkElqb0b7zRB7QaxhIC6NpF9Fu-wk7u-To9lwkZ9WpBxjDz57Ocj7C0alcB8Gs2jMUYcwnzsFSXiFdPX3oxG6Mf-5SKzrpduPuQ9GCfizc6UiSMn66f8NF4WJK2c9nlOP7PJ7nEb4Y4Gi2cFRT1YT2kBJP_WAPaN8gLbAe943nQwLNl--vBnLGw5V-Px_dIsoRJD6SL0nmSugKyQziwq-tOn9fB7SQ15W4Wsg2A7sZtSD4dhlOwhfcobxkl-mOylaVc6XEtu0ed6hKZvhCGD-jgrdtfEwG1MIM4tuJjTU0ruQ4X5C4FL_YLr8veJSKsSUEpot9o_PHE4NMvBgVH4N_NlWgxD9d1GVWfTxEzp6vz6Yu1M1POFWNy8oSMBBtE1PXvIIMR8Kc
# 香辣烤鱼.jpg,https://pigkiller-011955-1319328397.cos.ap-beijing.myqcloud.com/%23%20%E9%A6%99%E8%BE%A3%E7%83%A4%E9%B1%BC.jpg?q-sign-algorithm=sha1&q-ak=AKIDOosSoMqM6xFxI8Gt5Ixne8o8geZ-y7WDck4ZLZOGG-W8xQK0A6AqBuGVDXcFgBo8&q-sign-time=1722087543;1722091143&q-key-time=1722087543;1722091143&q-header-list=&q-url-param-list=&q-signature=c4206e32c7f26ceb4f9f39aeb8de179f6c538d5a&x-cos-security-token=OLhnY70Y5hWt7lAXQx5f3ePajI12Yhua3d8d30dd8e4434db73531c297ffbeddd0BeUvDO4IQwubfMbiLMoCShgxO1-clZDc3ZucUr8WeG6KJ-nwadv6fp1-VK1OOda2XW_2GuIVaY6yeyqehaQq9Ig69FUuCufRmcWqcFF7RrBNB0W4Mwau8ax3HFKVNoibWxWa1tze2nfkn92_OBS8_MWw3mPWdCPE-kJYEDkJdxzxlV0mX2B4bOtLWjB-1X_L5g2fHSBXsaasykl7u0E6E677cK2Brf6o0MexlBvgp4FctpurEDkPWz7OoX3dIo9zlRkUrkn-AjAXMeqRr2lxWwhA87y2MnOnUxQDVxXBMSd4uvdNoIT_u6HcxC0BiYxOeUfT7YaDI1Vj7FpYnsXd9Qh2X0nW3-fV0InOce0XJzlZam6EwWMKP2RqAK4jnik3in8G7CoeLpfCH7-edkJedODOiISXhw7JI0YwnlHTIemhJcO4QkOOjEbmm7YMs2uVNAwxUKC8ijXWlPiLX_yiOkzcm3-XuivqQOad5kgGauzN4utwyz9LU2N-CZFOtAPYvt7_o8Q0WwyfgOIeEUUaMszlPVZ9wq9dYKqtl5YBEHdbPvzwXqGBis9SSLoHrdv3vI5HksTi37EgdY1D4ZRlt7OThe5-__tF6R8V22s8c5KU9vLtN0oiajx_01wM2CtjvPOd1-WeHt0x9SwAXk8Xm1NaaB8rReL7NR53zbxxv4FHImT3CF0Ujev_DAzdeG2MBVG6XOCPDgOc8pG-_ZTdBd9HC5llzRwLouCcNbk77bfoRRg88s5pBTE79nN_CZu4rppSJaYvb-nZkDH6ZjvBqQ6pwHHMIbW4OtAn3DeOX-2vE0RVvYqRhbdc1CV8m-kQ1gQIdUGbIt-vvyRLZmI2xFW2g7dobFPMqkElqb0b7zRB7QaxhIC6NpF9Fu-wk7u-To9lwkZ9WpBxjDz57Ocj7C0alcB8Gs2jMUYcwnzsFSXiFdPX3oxG6Mf-5SKzrpduPuQ9GCfizc6UiSMn66f8NF4WJK2c9nlOP7PJ7nEb4Y4Gi2cFRT1YT2kBJP_WAPaN8gLbAe943nQwLNl--vBnLGw5V-Px_dIsoRJD6SL0nmSugKyQziwq-tOn9fB7SQ15W4Wsg2A7sZtSD4dhlOwhfcobxkl-mOylaVc6XEtu0ed6hKZvhCGD-jgrdtfEwG1MIM4tuJjTU0ruQ4X5C4FL_YLr8veJSKsSUEpot9o_PHE4NMvBgVH4N_NlWgxD9d1GVWfTxEzp6vz6Yu1M1POFWNy8oSMBBtE1PXvIIMR8Kc
# 香辣牛肉千张.jpg,https://pigkiller-011955-1319328397.cos.ap-beijing.myqcloud.com/%23%20%E9%A6%99%E8%BE%A3%E7%89%9B%E8%82%89%E5%8D%83%E5%BC%A0.jpg?q-sign-algorithm=sha1&q-ak=AKIDOosSoMqM6xFxI8Gt5Ixne8o8geZ-y7WDck4ZLZOGG-W8xQK0A6AqBuGVDXcFgBo8&q-sign-time=1722087543;1722091143&q-key-time=1722087543;1722091143&q-header-list=&q-url-param-list=&q-signature=9f7b135e47d764fde5315cc6a6d8bf9888ec1398&x-cos-security-token=OLhnY70Y5hWt7lAXQx5f3ePajI12Yhua3d8d30dd8e4434db73531c297ffbeddd0BeUvDO4IQwubfMbiLMoCShgxO1-clZDc3ZucUr8WeG6KJ-nwadv6fp1-VK1OOda2XW_2GuIVaY6yeyqehaQq9Ig69FUuCufRmcWqcFF7RrBNB0W4Mwau8ax3HFKVNoibWxWa1tze2nfkn92_OBS8_MWw3mPWdCPE-kJYEDkJdxzxlV0mX2B4bOtLWjB-1X_L5g2fHSBXsaasykl7u0E6E677cK2Brf6o0MexlBvgp4FctpurEDkPWz7OoX3dIo9zlRkUrkn-AjAXMeqRr2lxWwhA87y2MnOnUxQDVxXBMSd4uvdNoIT_u6HcxC0BiYxOeUfT7YaDI1Vj7FpYnsXd9Qh2X0nW3-fV0InOce0XJzlZam6EwWMKP2RqAK4jnik3in8G7CoeLpfCH7-edkJedODOiISXhw7JI0YwnlHTIemhJcO4QkOOjEbmm7YMs2uVNAwxUKC8ijXWlPiLX_yiOkzcm3-XuivqQOad5kgGauzN4utwyz9LU2N-CZFOtAPYvt7_o8Q0WwyfgOIeEUUaMszlPVZ9wq9dYKqtl5YBEHdbPvzwXqGBis9SSLoHrdv3vI5HksTi37EgdY1D4ZRlt7OThe5-__tF6R8V22s8c5KU9vLtN0oiajx_01wM2CtjvPOd1-WeHt0x9SwAXk8Xm1NaaB8rReL7NR53zbxxv4FHImT3CF0Ujev_DAzdeG2MBVG6XOCPDgOc8pG-_ZTdBd9HC5llzRwLouCcNbk77bfoRRg88s5pBTE79nN_CZu4rppSJaYvb-nZkDH6ZjvBqQ6pwHHMIbW4OtAn3DeOX-2vE0RVvYqRhbdc1CV8m-kQ1gQIdUGbIt-vvyRLZmI2xFW2g7dobFPMqkElqb0b7zRB7QaxhIC6NpF9Fu-wk7u-To9lwkZ9WpBxjDz57Ocj7C0alcB8Gs2jMUYcwnzsFSXiFdPX3oxG6Mf-5SKzrpduPuQ9GCfizc6UiSMn66f8NF4WJK2c9nlOP7PJ7nEb4Y4Gi2cFRT1YT2kBJP_WAPaN8gLbAe943nQwLNl--vBnLGw5V-Px_dIsoRJD6SL0nmSugKyQziwq-tOn9fB7SQ15W4Wsg2A7sZtSD4dhlOwhfcobxkl-mOylaVc6XEtu0ed6hKZvhCGD-jgrdtfEwG1MIM4tuJjTU0ruQ4X5C4FL_YLr8veJSKsSUEpot9o_PHE4NMvBgVH4N_NlWgxD9d1GVWfTxEzp6vz6Yu1M1POFWNy8oSMBBtE1PXvIIMR8Kc
# 鸡架骨拌面.jpg,https://pigkiller-011955-1319328397.cos.ap-beijing.myqcloud.com/%23%20%E9%B8%A1%E6%9E%B6%E9%AA%A8%E6%8B%8C%E9%9D%A2.jpg?q-sign-algorithm=sha1&q-ak=AKIDOosSoMqM6xFxI8Gt5Ixne8o8geZ-y7WDck4ZLZOGG-W8xQK0A6AqBuGVDXcFgBo8&q-sign-time=1722087543;1722091143&q-key-time=1722087543;1722091143&q-header-list=&q-url-param-list=&q-signature=b3a3fceafddbe2ab9833c4c7eddaa223dfa3eed2&x-cos-security-token=OLhnY70Y5hWt7lAXQx5f3ePajI12Yhua3d8d30dd8e4434db73531c297ffbeddd0BeUvDO4IQwubfMbiLMoCShgxO1-clZDc3ZucUr8WeG6KJ-nwadv6fp1-VK1OOda2XW_2GuIVaY6yeyqehaQq9Ig69FUuCufRmcWqcFF7RrBNB0W4Mwau8ax3HFKVNoibWxWa1tze2nfkn92_OBS8_MWw3mPWdCPE-kJYEDkJdxzxlV0mX2B4bOtLWjB-1X_L5g2fHSBXsaasykl7u0E6E677cK2Brf6o0MexlBvgp4FctpurEDkPWz7OoX3dIo9zlRkUrkn-AjAXMeqRr2lxWwhA87y2MnOnUxQDVxXBMSd4uvdNoIT_u6HcxC0BiYxOeUfT7YaDI1Vj7FpYnsXd9Qh2X0nW3-fV0InOce0XJzlZam6EwWMKP2RqAK4jnik3in8G7CoeLpfCH7-edkJedODOiISXhw7JI0YwnlHTIemhJcO4QkOOjEbmm7YMs2uVNAwxUKC8ijXWlPiLX_yiOkzcm3-XuivqQOad5kgGauzN4utwyz9LU2N-CZFOtAPYvt7_o8Q0WwyfgOIeEUUaMszlPVZ9wq9dYKqtl5YBEHdbPvzwXqGBis9SSLoHrdv3vI5HksTi37EgdY1D4ZRlt7OThe5-__tF6R8V22s8c5KU9vLtN0oiajx_01wM2CtjvPOd1-WeHt0x9SwAXk8Xm1NaaB8rReL7NR53zbxxv4FHImT3CF0Ujev_DAzdeG2MBVG6XOCPDgOc8pG-_ZTdBd9HC5llzRwLouCcNbk77bfoRRg88s5pBTE79nN_CZu4rppSJaYvb-nZkDH6ZjvBqQ6pwHHMIbW4OtAn3DeOX-2vE0RVvYqRhbdc1CV8m-kQ1gQIdUGbIt-vvyRLZmI2xFW2g7dobFPMqkElqb0b7zRB7QaxhIC6NpF9Fu-wk7u-To9lwkZ9WpBxjDz57Ocj7C0alcB8Gs2jMUYcwnzsFSXiFdPX3oxG6Mf-5SKzrpduPuQ9GCfizc6UiSMn66f8NF4WJK2c9nlOP7PJ7nEb4Y4Gi2cFRT1YT2kBJP_WAPaN8gLbAe943nQwLNl--vBnLGw5V-Px_dIsoRJD6SL0nmSugKyQziwq-tOn9fB7SQ15W4Wsg2A7sZtSD4dhlOwhfcobxkl-mOylaVc6XEtu0ed6hKZvhCGD-jgrdtfEwG1MIM4tuJjTU0ruQ4X5C4FL_YLr8veJSKsSUEpot9o_PHE4NMvBgVH4N_NlWgxD9d1GVWfTxEzp6vz6Yu1M1POFWNy8oSMBBtE1PXvIIMR8Kc
