title,url
# 全家福香肉拌饭.jpg,https://pigkiller-011955-1319328397.cos.ap-beijing.myqcloud.com/%23%20%E5%85%A8%E5%AE%B6%E7%A6%8F%E9%A6%99%E8%82%89%E6%8B%8C%E9%A5%AD.jpg?q-sign-algorithm=sha1&q-ak=AKIDdTLUk5dUbcj3MYoNRNIoVL3XWWallbejdPwJelGK5elgO-IScaSkrNjL9uiJhlCU&q-sign-time=1722216056;1722219656&q-key-time=1722216056;1722219656&q-header-list=&q-url-param-list=&q-signature=644fa629976486f99aa0bb94665cc76cf4b4319a&x-cos-security-token=iunvr5haYQlLggDnhU1DovbRS98xdiXafb3f31ec84d1cc36e3aad71342f41f79Pd2wLw-0cQ79pdM5o2suafpY7_YdGT0qh3MHMy50mZzt2qtAYkEgzf9RCyP6cRu_fl8x8K96xliFbsJLa9PAfPq99sUu6wygWhwJowFP719CB9l_-bc1g-Mvsbq0-pCzLP5tKz7Kp8Xk2ru1sEw9PkXA9gAMWhpDaJw0sL9zluyoWv1CP-rfyzuZL1JRbLsFlIwEt1QxdszQIMLyv534saXRthExQ0UuyJlExNsIz1ydtW6hRNe19by8zSCy1ywd5X6fK7pcsNSOgftEby8eJ_9XGufa17fdU2b-OxDu9ohPwwfc59zqad8stmCOjuIv1BipkoguBxKcRDXOBlLSltfBsuodcrtoZjoT1126_C5_D92fFHr4DJJQNaYU6g41RMQ2t2uGxnHSxgl3qYG2dz0oPQuksnLNm4kHX-4S4-ywkP_1Iq1CwnoixNrLjb5ColIvfbJbOXY5hex-wniZWP4cMwKUh9kQIU1eTdlvDb2w6ZnfOUxYGkHJs4i0Ldv6JVf5b8NhMn628EWnLA5StMcDBXzWlYGmGwbj9sCfWNiMpBN-Pa6-FtuKJwLIvnx_QhicDBWOBL1Lx2TxdMGfp0LhsZJkJy6kEFqsNb7KKJUQ1b-QSM6PlRTqp6RhjnQ_qaGgVDyNQ_0RfALIeQIVTN3q-ZgdMpi3ulj-Ol2JyNPLDuYXtySoacx1EjJHmTT8nXcwCbIc7lK2Xd42SlYjI_bsqey4zk77GVoKlgCdYDPkuIA7OGYDMDuYHprgwQq6iKGDP7W9JUy8Wf3_cqvOKOtVB-RaLMDDDnuM8QRKcmFTBkwCsj8-UK2gHhwz9nSgGOj1kWS8DtIb8BMetMHNeg2ezVyJ2zBs9gYeXl8jFAjQC2hyEyJZ-_tkBaHkqB2U_RN4F6lvGCG7dOGLCKs_kjf0GNHgLc7LwaUh7-lrbYOSPqJtBUfLKNEOBd1AvYMEoA9i1lvH_X_wIEhzEut04l3tHKpc7Jngd-Dyy3VfWKqjz9B_UvoEY43LLc5oxyD6AeFQRPgpQYbh-V6amXhy3n8biN8OmHTjvJR7rWx41gKwclRjRyjdquwlKEhz0_MmcDoiKlGuMYYBV4oxKm6MYreEEaniIlQwmRMHxZ7ncRdzbPrtpSDJDFVGD5yyUYWbq8g-oT4E_s4jTR75a0uPGJC18ln_e_2xVXDE6peN3PL5WVFmQLlXAtCqEJndpcte0bCgT6AXiwXkwhH6CbjUq1x861ehdhdL8kYWTRVq_0M
# 养生虾球套餐.jpg,https://pigkiller-011955-1319328397.cos.ap-beijing.myqcloud.com/%23%20%E5%85%BB%E7%94%9F%E8%99%BE%E7%90%83%E5%A5%97%E9%A4%90.jpg?q-sign-algorithm=sha1&q-ak=AKIDdTLUk5dUbcj3MYoNRNIoVL3XWWallbejdPwJelGK5elgO-IScaSkrNjL9uiJhlCU&q-sign-time=1722216056;1722219656&q-key-time=1722216056;1722219656&q-header-list=&q-url-param-list=&q-signature=dcaa2045ef1227d5df3b46358a6d4a2005a2ab41&x-cos-security-token=iunvr5haYQlLggDnhU1DovbRS98xdiXafb3f31ec84d1cc36e3aad71342f41f79Pd2wLw-0cQ79pdM5o2suafpY7_YdGT0qh3MHMy50mZzt2qtAYkEgzf9RCyP6cRu_fl8x8K96xliFbsJLa9PAfPq99sUu6wygWhwJowFP719CB9l_-bc1g-Mvsbq0-pCzLP5tKz7Kp8Xk2ru1sEw9PkXA9gAMWhpDaJw0sL9zluyoWv1CP-rfyzuZL1JRbLsFlIwEt1QxdszQIMLyv534saXRthExQ0UuyJlExNsIz1ydtW6hRNe19by8zSCy1ywd5X6fK7pcsNSOgftEby8eJ_9XGufa17fdU2b-OxDu9ohPwwfc59zqad8stmCOjuIv1BipkoguBxKcRDXOBlLSltfBsuodcrtoZjoT1126_C5_D92fFHr4DJJQNaYU6g41RMQ2t2uGxnHSxgl3qYG2dz0oPQuksnLNm4kHX-4S4-ywkP_1Iq1CwnoixNrLjb5ColIvfbJbOXY5hex-wniZWP4cMwKUh9kQIU1eTdlvDb2w6ZnfOUxYGkHJs4i0Ldv6JVf5b8NhMn628EWnLA5StMcDBXzWlYGmGwbj9sCfWNiMpBN-Pa6-FtuKJwLIvnx_QhicDBWOBL1Lx2TxdMGfp0LhsZJkJy6kEFqsNb7KKJUQ1b-QSM6PlRTqp6RhjnQ_qaGgVDyNQ_0RfALIeQIVTN3q-ZgdMpi3ulj-Ol2JyNPLDuYXtySoacx1EjJHmTT8nXcwCbIc7lK2Xd42SlYjI_bsqey4zk77GVoKlgCdYDPkuIA7OGYDMDuYHprgwQq6iKGDP7W9JUy8Wf3_cqvOKOtVB-RaLMDDDnuM8QRKcmFTBkwCsj8-UK2gHhwz9nSgGOj1kWS8DtIb8BMetMHNeg2ezVyJ2zBs9gYeXl8jFAjQC2hyEyJZ-_tkBaHkqB2U_RN4F6lvGCG7dOGLCKs_kjf0GNHgLc7LwaUh7-lrbYOSPqJtBUfLKNEOBd1AvYMEoA9i1lvH_X_wIEhzEut04l3tHKpc7Jngd-Dyy3VfWKqjz9B_UvoEY43LLc5oxyD6AeFQRPgpQYbh-V6amXhy3n8biN8OmHTjvJR7rWx41gKwclRjRyjdquwlKEhz0_MmcDoiKlGuMYYBV4oxKm6MYreEEaniIlQwmRMHxZ7ncRdzbPrtpSDJDFVGD5yyUYWbq8g-oT4E_s4jTR75a0uPGJC18ln_e_2xVXDE6peN3PL5WVFmQLlXAtCqEJndpcte0bCgT6AXiwXkwhH6CbjUq1x861ehdhdL8kYWTRVq_0M
# 冒烤鸭.jpg,https://pigkiller-011955-1319328397.cos.ap-beijing.myqcloud.com/%23%20%E5%86%92%E7%83%A4%E9%B8%AD.jpg?q-sign-algorithm=sha1&q-ak=AKIDdTLUk5dUbcj3MYoNRNIoVL3XWWallbejdPwJelGK5elgO-IScaSkrNjL9uiJhlCU&q-sign-time=1722216056;1722219656&q-key-time=1722216056;1722219656&q-header-list=&q-url-param-list=&q-signature=8015c4acd462cc2ab7c0f41553b6ae3bce14d119&x-cos-security-token=iunvr5haYQlLggDnhU1DovbRS98xdiXafb3f31ec84d1cc36e3aad71342f41f79Pd2wLw-0cQ79pdM5o2suafpY7_YdGT0qh3MHMy50mZzt2qtAYkEgzf9RCyP6cRu_fl8x8K96xliFbsJLa9PAfPq99sUu6wygWhwJowFP719CB9l_-bc1g-Mvsbq0-pCzLP5tKz7Kp8Xk2ru1sEw9PkXA9gAMWhpDaJw0sL9zluyoWv1CP-rfyzuZL1JRbLsFlIwEt1QxdszQIMLyv534saXRthExQ0UuyJlExNsIz1ydtW6hRNe19by8zSCy1ywd5X6fK7pcsNSOgftEby8eJ_9XGufa17fdU2b-OxDu9ohPwwfc59zqad8stmCOjuIv1BipkoguBxKcRDXOBlLSltfBsuodcrtoZjoT1126_C5_D92fFHr4DJJQNaYU6g41RMQ2t2uGxnHSxgl3qYG2dz0oPQuksnLNm4kHX-4S4-ywkP_1Iq1CwnoixNrLjb5ColIvfbJbOXY5hex-wniZWP4cMwKUh9kQIU1eTdlvDb2w6ZnfOUxYGkHJs4i0Ldv6JVf5b8NhMn628EWnLA5StMcDBXzWlYGmGwbj9sCfWNiMpBN-Pa6-FtuKJwLIvnx_QhicDBWOBL1Lx2TxdMGfp0LhsZJkJy6kEFqsNb7KKJUQ1b-QSM6PlRTqp6RhjnQ_qaGgVDyNQ_0RfALIeQIVTN3q-ZgdMpi3ulj-Ol2JyNPLDuYXtySoacx1EjJHmTT8nXcwCbIc7lK2Xd42SlYjI_bsqey4zk77GVoKlgCdYDPkuIA7OGYDMDuYHprgwQq6iKGDP7W9JUy8Wf3_cqvOKOtVB-RaLMDDDnuM8QRKcmFTBkwCsj8-UK2gHhwz9nSgGOj1kWS8DtIb8BMetMHNeg2ezVyJ2zBs9gYeXl8jFAjQC2hyEyJZ-_tkBaHkqB2U_RN4F6lvGCG7dOGLCKs_kjf0GNHgLc7LwaUh7-lrbYOSPqJtBUfLKNEOBd1AvYMEoA9i1lvH_X_wIEhzEut04l3tHKpc7Jngd-Dyy3VfWKqjz9B_UvoEY43LLc5oxyD6AeFQRPgpQYbh-V6amXhy3n8biN8OmHTjvJR7rWx41gKwclRjRyjdquwlKEhz0_MmcDoiKlGuMYYBV4oxKm6MYreEEaniIlQwmRMHxZ7ncRdzbPrtpSDJDFVGD5yyUYWbq8g-oT4E_s4jTR75a0uPGJC18ln_e_2xVXDE6peN3PL5WVFmQLlXAtCqEJndpcte0bCgT6AXiwXkwhH6CbjUq1x861ehdhdL8kYWTRVq_0M
# 口水鸡胗.jpg,https://pigkiller-011955-1319328397.cos.ap-beijing.myqcloud.com/%23%20%E5%8F%A3%E6%B0%B4%E9%B8%A1%E8%83%97.jpg?q-sign-algorithm=sha1&q-ak=AKIDdTLUk5dUbcj3MYoNRNIoVL3XWWallbejdPwJelGK5elgO-IScaSkrNjL9uiJhlCU&q-sign-time=1722216056;1722219656&q-key-time=1722216056;1722219656&q-header-list=&q-url-param-list=&q-signature=d4a7b46e0c52e864b6c693c326f688e85cd42354&x-cos-security-token=iunvr5haYQlLggDnhU1DovbRS98xdiXafb3f31ec84d1cc36e3aad71342f41f79Pd2wLw-0cQ79pdM5o2suafpY7_YdGT0qh3MHMy50mZzt2qtAYkEgzf9RCyP6cRu_fl8x8K96xliFbsJLa9PAfPq99sUu6wygWhwJowFP719CB9l_-bc1g-Mvsbq0-pCzLP5tKz7Kp8Xk2ru1sEw9PkXA9gAMWhpDaJw0sL9zluyoWv1CP-rfyzuZL1JRbLsFlIwEt1QxdszQIMLyv534saXRthExQ0UuyJlExNsIz1ydtW6hRNe19by8zSCy1ywd5X6fK7pcsNSOgftEby8eJ_9XGufa17fdU2b-OxDu9ohPwwfc59zqad8stmCOjuIv1BipkoguBxKcRDXOBlLSltfBsuodcrtoZjoT1126_C5_D92fFHr4DJJQNaYU6g41RMQ2t2uGxnHSxgl3qYG2dz0oPQuksnLNm4kHX-4S4-ywkP_1Iq1CwnoixNrLjb5ColIvfbJbOXY5hex-wniZWP4cMwKUh9kQIU1eTdlvDb2w6ZnfOUxYGkHJs4i0Ldv6JVf5b8NhMn628EWnLA5StMcDBXzWlYGmGwbj9sCfWNiMpBN-Pa6-FtuKJwLIvnx_QhicDBWOBL1Lx2TxdMGfp0LhsZJkJy6kEFqsNb7KKJUQ1b-QSM6PlRTqp6RhjnQ_qaGgVDyNQ_0RfALIeQIVTN3q-ZgdMpi3ulj-Ol2JyNPLDuYXtySoacx1EjJHmTT8nXcwCbIc7lK2Xd42SlYjI_bsqey4zk77GVoKlgCdYDPkuIA7OGYDMDuYHprgwQq6iKGDP7W9JUy8Wf3_cqvOKOtVB-RaLMDDDnuM8QRKcmFTBkwCsj8-UK2gHhwz9nSgGOj1kWS8DtIb8BMetMHNeg2ezVyJ2zBs9gYeXl8jFAjQC2hyEyJZ-_tkBaHkqB2U_RN4F6lvGCG7dOGLCKs_kjf0GNHgLc7LwaUh7-lrbYOSPqJtBUfLKNEOBd1AvYMEoA9i1lvH_X_wIEhzEut04l3tHKpc7Jngd-Dyy3VfWKqjz9B_UvoEY43LLc5oxyD6AeFQRPgpQYbh-V6amXhy3n8biN8OmHTjvJR7rWx41gKwclRjRyjdquwlKEhz0_MmcDoiKlGuMYYBV4oxKm6MYreEEaniIlQwmRMHxZ7ncRdzbPrtpSDJDFVGD5yyUYWbq8g-oT4E_s4jTR75a0uPGJC18ln_e_2xVXDE6peN3PL5WVFmQLlXAtCqEJndpcte0bCgT6AXiwXkwhH6CbjUq1x861ehdhdL8kYWTRVq_0M
# 咖喱牛肉套餐.jpg,https://pigkiller-011955-1319328397.cos.ap-beijing.myqcloud.com/%23%20%E5%92%96%E5%96%B1%E7%89%9B%E8%82%89%E5%A5%97%E9%A4%90.jpg?q-sign-algorithm=sha1&q-ak=AKIDdTLUk5dUbcj3MYoNRNIoVL3XWWallbejdPwJelGK5elgO-IScaSkrNjL9uiJhlCU&q-sign-time=1722216056;1722219656&q-key-time=1722216056;1722219656&q-header-list=&q-url-param-list=&q-signature=2f1a8f51cface871800f86882a05ed23a497975d&x-cos-security-token=iunvr5haYQlLggDnhU1DovbRS98xdiXafb3f31ec84d1cc36e3aad71342f41f79Pd2wLw-0cQ79pdM5o2suafpY7_YdGT0qh3MHMy50mZzt2qtAYkEgzf9RCyP6cRu_fl8x8K96xliFbsJLa9PAfPq99sUu6wygWhwJowFP719CB9l_-bc1g-Mvsbq0-pCzLP5tKz7Kp8Xk2ru1sEw9PkXA9gAMWhpDaJw0sL9zluyoWv1CP-rfyzuZL1JRbLsFlIwEt1QxdszQIMLyv534saXRthExQ0UuyJlExNsIz1ydtW6hRNe19by8zSCy1ywd5X6fK7pcsNSOgftEby8eJ_9XGufa17fdU2b-OxDu9ohPwwfc59zqad8stmCOjuIv1BipkoguBxKcRDXOBlLSltfBsuodcrtoZjoT1126_C5_D92fFHr4DJJQNaYU6g41RMQ2t2uGxnHSxgl3qYG2dz0oPQuksnLNm4kHX-4S4-ywkP_1Iq1CwnoixNrLjb5ColIvfbJbOXY5hex-wniZWP4cMwKUh9kQIU1eTdlvDb2w6ZnfOUxYGkHJs4i0Ldv6JVf5b8NhMn628EWnLA5StMcDBXzWlYGmGwbj9sCfWNiMpBN-Pa6-FtuKJwLIvnx_QhicDBWOBL1Lx2TxdMGfp0LhsZJkJy6kEFqsNb7KKJUQ1b-QSM6PlRTqp6RhjnQ_qaGgVDyNQ_0RfALIeQIVTN3q-ZgdMpi3ulj-Ol2JyNPLDuYXtySoacx1EjJHmTT8nXcwCbIc7lK2Xd42SlYjI_bsqey4zk77GVoKlgCdYDPkuIA7OGYDMDuYHprgwQq6iKGDP7W9JUy8Wf3_cqvOKOtVB-RaLMDDDnuM8QRKcmFTBkwCsj8-UK2gHhwz9nSgGOj1kWS8DtIb8BMetMHNeg2ezVyJ2zBs9gYeXl8jFAjQC2hyEyJZ-_tkBaHkqB2U_RN4F6lvGCG7dOGLCKs_kjf0GNHgLc7LwaUh7-lrbYOSPqJtBUfLKNEOBd1AvYMEoA9i1lvH_X_wIEhzEut04l3tHKpc7Jngd-Dyy3VfWKqjz9B_UvoEY43LLc5oxyD6AeFQRPgpQYbh-V6amXhy3n8biN8OmHTjvJR7rWx41gKwclRjRyjdquwlKEhz0_MmcDoiKlGuMYYBV4oxKm6MYreEEaniIlQwmRMHxZ7ncRdzbPrtpSDJDFVGD5yyUYWbq8g-oT4E_s4jTR75a0uPGJC18ln_e_2xVXDE6peN3PL5WVFmQLlXAtCqEJndpcte0bCgT6AXiwXkwhH6CbjUq1x861ehdhdL8kYWTRVq_0M
# 四川烤苕皮加鸡柳.jpg,https://pigkiller-011955-1319328397.cos.ap-beijing.myqcloud.com/%23%20%E5%9B%9B%E5%B7%9D%E7%83%A4%E8%8B%95%E7%9A%AE%E5%8A%A0%E9%B8%A1%E6%9F%B3.jpg?q-sign-algorithm=sha1&q-ak=AKIDdTLUk5dUbcj3MYoNRNIoVL3XWWallbejdPwJelGK5elgO-IScaSkrNjL9uiJhlCU&q-sign-time=1722216056;1722219656&q-key-time=1722216056;1722219656&q-header-list=&q-url-param-list=&q-signature=b2f64cb193cc229a0e91af596be1c6da052b2280&x-cos-security-token=iunvr5haYQlLggDnhU1DovbRS98xdiXafb3f31ec84d1cc36e3aad71342f41f79Pd2wLw-0cQ79pdM5o2suafpY7_YdGT0qh3MHMy50mZzt2qtAYkEgzf9RCyP6cRu_fl8x8K96xliFbsJLa9PAfPq99sUu6wygWhwJowFP719CB9l_-bc1g-Mvsbq0-pCzLP5tKz7Kp8Xk2ru1sEw9PkXA9gAMWhpDaJw0sL9zluyoWv1CP-rfyzuZL1JRbLsFlIwEt1QxdszQIMLyv534saXRthExQ0UuyJlExNsIz1ydtW6hRNe19by8zSCy1ywd5X6fK7pcsNSOgftEby8eJ_9XGufa17fdU2b-OxDu9ohPwwfc59zqad8stmCOjuIv1BipkoguBxKcRDXOBlLSltfBsuodcrtoZjoT1126_C5_D92fFHr4DJJQNaYU6g41RMQ2t2uGxnHSxgl3qYG2dz0oPQuksnLNm4kHX-4S4-ywkP_1Iq1CwnoixNrLjb5ColIvfbJbOXY5hex-wniZWP4cMwKUh9kQIU1eTdlvDb2w6ZnfOUxYGkHJs4i0Ldv6JVf5b8NhMn628EWnLA5StMcDBXzWlYGmGwbj9sCfWNiMpBN-Pa6-FtuKJwLIvnx_QhicDBWOBL1Lx2TxdMGfp0LhsZJkJy6kEFqsNb7KKJUQ1b-QSM6PlRTqp6RhjnQ_qaGgVDyNQ_0RfALIeQIVTN3q-ZgdMpi3ulj-Ol2JyNPLDuYXtySoacx1EjJHmTT8nXcwCbIc7lK2Xd42SlYjI_bsqey4zk77GVoKlgCdYDPkuIA7OGYDMDuYHprgwQq6iKGDP7W9JUy8Wf3_cqvOKOtVB-RaLMDDDnuM8QRKcmFTBkwCsj8-UK2gHhwz9nSgGOj1kWS8DtIb8BMetMHNeg2ezVyJ2zBs9gYeXl8jFAjQC2hyEyJZ-_tkBaHkqB2U_RN4F6lvGCG7dOGLCKs_kjf0GNHgLc7LwaUh7-lrbYOSPqJtBUfLKNEOBd1AvYMEoA9i1lvH_X_wIEhzEut04l3tHKpc7Jngd-Dyy3VfWKqjz9B_UvoEY43LLc5oxyD6AeFQRPgpQYbh-V6amXhy3n8biN8OmHTjvJR7rWx41gKwclRjRyjdquwlKEhz0_MmcDoiKlGuMYYBV4oxKm6MYreEEaniIlQwmRMHxZ7ncRdzbPrtpSDJDFVGD5yyUYWbq8g-oT4E_s4jTR75a0uPGJC18ln_e_2xVXDE6peN3PL5WVFmQLlXAtCqEJndpcte0bCgT6AXiwXkwhH6CbjUq1x861ehdhdL8kYWTRVq_0M
# 回锅牛肉盖饭.jpg,https://pigkiller-011955-1319328397.cos.ap-beijing.myqcloud.com/%23%20%E5%9B%9E%E9%94%85%E7%89%9B%E8%82%89%E7%9B%96%E9%A5%AD.jpg?q-sign-algorithm=sha1&q-ak=AKIDdTLUk5dUbcj3MYoNRNIoVL3XWWallbejdPwJelGK5elgO-IScaSkrNjL9uiJhlCU&q-sign-time=1722216056;1722219656&q-key-time=1722216056;1722219656&q-header-list=&q-url-param-list=&q-signature=5675c099355b9af89817c3ac3b81237072fbc1e8&x-cos-security-token=iunvr5haYQlLggDnhU1DovbRS98xdiXafb3f31ec84d1cc36e3aad71342f41f79Pd2wLw-0cQ79pdM5o2suafpY7_YdGT0qh3MHMy50mZzt2qtAYkEgzf9RCyP6cRu_fl8x8K96xliFbsJLa9PAfPq99sUu6wygWhwJowFP719CB9l_-bc1g-Mvsbq0-pCzLP5tKz7Kp8Xk2ru1sEw9PkXA9gAMWhpDaJw0sL9zluyoWv1CP-rfyzuZL1JRbLsFlIwEt1QxdszQIMLyv534saXRthExQ0UuyJlExNsIz1ydtW6hRNe19by8zSCy1ywd5X6fK7pcsNSOgftEby8eJ_9XGufa17fdU2b-OxDu9ohPwwfc59zqad8stmCOjuIv1BipkoguBxKcRDXOBlLSltfBsuodcrtoZjoT1126_C5_D92fFHr4DJJQNaYU6g41RMQ2t2uGxnHSxgl3qYG2dz0oPQuksnLNm4kHX-4S4-ywkP_1Iq1CwnoixNrLjb5ColIvfbJbOXY5hex-wniZWP4cMwKUh9kQIU1eTdlvDb2w6ZnfOUxYGkHJs4i0Ldv6JVf5b8NhMn628EWnLA5StMcDBXzWlYGmGwbj9sCfWNiMpBN-Pa6-FtuKJwLIvnx_QhicDBWOBL1Lx2TxdMGfp0LhsZJkJy6kEFqsNb7KKJUQ1b-QSM6PlRTqp6RhjnQ_qaGgVDyNQ_0RfALIeQIVTN3q-ZgdMpi3ulj-Ol2JyNPLDuYXtySoacx1EjJHmTT8nXcwCbIc7lK2Xd42SlYjI_bsqey4zk77GVoKlgCdYDPkuIA7OGYDMDuYHprgwQq6iKGDP7W9JUy8Wf3_cqvOKOtVB-RaLMDDDnuM8QRKcmFTBkwCsj8-UK2gHhwz9nSgGOj1kWS8DtIb8BMetMHNeg2ezVyJ2zBs9gYeXl8jFAjQC2hyEyJZ-_tkBaHkqB2U_RN4F6lvGCG7dOGLCKs_kjf0GNHgLc7LwaUh7-lrbYOSPqJtBUfLKNEOBd1AvYMEoA9i1lvH_X_wIEhzEut04l3tHKpc7Jngd-Dyy3VfWKqjz9B_UvoEY43LLc5oxyD6AeFQRPgpQYbh-V6amXhy3n8biN8OmHTjvJR7rWx41gKwclRjRyjdquwlKEhz0_MmcDoiKlGuMYYBV4oxKm6MYreEEaniIlQwmRMHxZ7ncRdzbPrtpSDJDFVGD5yyUYWbq8g-oT4E_s4jTR75a0uPGJC18ln_e_2xVXDE6peN3PL5WVFmQLlXAtCqEJndpcte0bCgT6AXiwXkwhH6CbjUq1x861ehdhdL8kYWTRVq_0M
# 孜然三宝.jpg,https://pigkiller-011955-1319328397.cos.ap-beijing.myqcloud.com/%23%20%E5%AD%9C%E7%84%B6%E4%B8%89%E5%AE%9D.jpg?q-sign-algorithm=sha1&q-ak=AKIDdTLUk5dUbcj3MYoNRNIoVL3XWWallbejdPwJelGK5elgO-IScaSkrNjL9uiJhlCU&q-sign-time=1722216056;1722219656&q-key-time=1722216056;1722219656&q-header-list=&q-url-param-list=&q-signature=32eb14289c39c618c5f2de7468e3ff5544a1ffa2&x-cos-security-token=iunvr5haYQlLggDnhU1DovbRS98xdiXafb3f31ec84d1cc36e3aad71342f41f79Pd2wLw-0cQ79pdM5o2suafpY7_YdGT0qh3MHMy50mZzt2qtAYkEgzf9RCyP6cRu_fl8x8K96xliFbsJLa9PAfPq99sUu6wygWhwJowFP719CB9l_-bc1g-Mvsbq0-pCzLP5tKz7Kp8Xk2ru1sEw9PkXA9gAMWhpDaJw0sL9zluyoWv1CP-rfyzuZL1JRbLsFlIwEt1QxdszQIMLyv534saXRthExQ0UuyJlExNsIz1ydtW6hRNe19by8zSCy1ywd5X6fK7pcsNSOgftEby8eJ_9XGufa17fdU2b-OxDu9ohPwwfc59zqad8stmCOjuIv1BipkoguBxKcRDXOBlLSltfBsuodcrtoZjoT1126_C5_D92fFHr4DJJQNaYU6g41RMQ2t2uGxnHSxgl3qYG2dz0oPQuksnLNm4kHX-4S4-ywkP_1Iq1CwnoixNrLjb5ColIvfbJbOXY5hex-wniZWP4cMwKUh9kQIU1eTdlvDb2w6ZnfOUxYGkHJs4i0Ldv6JVf5b8NhMn628EWnLA5StMcDBXzWlYGmGwbj9sCfWNiMpBN-Pa6-FtuKJwLIvnx_QhicDBWOBL1Lx2TxdMGfp0LhsZJkJy6kEFqsNb7KKJUQ1b-QSM6PlRTqp6RhjnQ_qaGgVDyNQ_0RfALIeQIVTN3q-ZgdMpi3ulj-Ol2JyNPLDuYXtySoacx1EjJHmTT8nXcwCbIc7lK2Xd42SlYjI_bsqey4zk77GVoKlgCdYDPkuIA7OGYDMDuYHprgwQq6iKGDP7W9JUy8Wf3_cqvOKOtVB-RaLMDDDnuM8QRKcmFTBkwCsj8-UK2gHhwz9nSgGOj1kWS8DtIb8BMetMHNeg2ezVyJ2zBs9gYeXl8jFAjQC2hyEyJZ-_tkBaHkqB2U_RN4F6lvGCG7dOGLCKs_kjf0GNHgLc7LwaUh7-lrbYOSPqJtBUfLKNEOBd1AvYMEoA9i1lvH_X_wIEhzEut04l3tHKpc7Jngd-Dyy3VfWKqjz9B_UvoEY43LLc5oxyD6AeFQRPgpQYbh-V6amXhy3n8biN8OmHTjvJR7rWx41gKwclRjRyjdquwlKEhz0_MmcDoiKlGuMYYBV4oxKm6MYreEEaniIlQwmRMHxZ7ncRdzbPrtpSDJDFVGD5yyUYWbq8g-oT4E_s4jTR75a0uPGJC18ln_e_2xVXDE6peN3PL5WVFmQLlXAtCqEJndpcte0bCgT6AXiwXkwhH6CbjUq1x861ehdhdL8kYWTRVq_0M
# 孜然烤鸭腿.jpg,https://pigkiller-011955-1319328397.cos.ap-beijing.myqcloud.com/%23%20%E5%AD%9C%E7%84%B6%E7%83%A4%E9%B8%AD%E8%85%BF.jpg?q-sign-algorithm=sha1&q-ak=AKIDdTLUk5dUbcj3MYoNRNIoVL3XWWallbejdPwJelGK5elgO-IScaSkrNjL9uiJhlCU&q-sign-time=1722216056;1722219656&q-key-time=1722216056;1722219656&q-header-list=&q-url-param-list=&q-signature=f51235b81ed001d6fa467ca1f4c645e99f7a7bb6&x-cos-security-token=iunvr5haYQlLggDnhU1DovbRS98xdiXafb3f31ec84d1cc36e3aad71342f41f79Pd2wLw-0cQ79pdM5o2suafpY7_YdGT0qh3MHMy50mZzt2qtAYkEgzf9RCyP6cRu_fl8x8K96xliFbsJLa9PAfPq99sUu6wygWhwJowFP719CB9l_-bc1g-Mvsbq0-pCzLP5tKz7Kp8Xk2ru1sEw9PkXA9gAMWhpDaJw0sL9zluyoWv1CP-rfyzuZL1JRbLsFlIwEt1QxdszQIMLyv534saXRthExQ0UuyJlExNsIz1ydtW6hRNe19by8zSCy1ywd5X6fK7pcsNSOgftEby8eJ_9XGufa17fdU2b-OxDu9ohPwwfc59zqad8stmCOjuIv1BipkoguBxKcRDXOBlLSltfBsuodcrtoZjoT1126_C5_D92fFHr4DJJQNaYU6g41RMQ2t2uGxnHSxgl3qYG2dz0oPQuksnLNm4kHX-4S4-ywkP_1Iq1CwnoixNrLjb5ColIvfbJbOXY5hex-wniZWP4cMwKUh9kQIU1eTdlvDb2w6ZnfOUxYGkHJs4i0Ldv6JVf5b8NhMn628EWnLA5StMcDBXzWlYGmGwbj9sCfWNiMpBN-Pa6-FtuKJwLIvnx_QhicDBWOBL1Lx2TxdMGfp0LhsZJkJy6kEFqsNb7KKJUQ1b-QSM6PlRTqp6RhjnQ_qaGgVDyNQ_0RfALIeQIVTN3q-ZgdMpi3ulj-Ol2JyNPLDuYXtySoacx1EjJHmTT8nXcwCbIc7lK2Xd42SlYjI_bsqey4zk77GVoKlgCdYDPkuIA7OGYDMDuYHprgwQq6iKGDP7W9JUy8Wf3_cqvOKOtVB-RaLMDDDnuM8QRKcmFTBkwCsj8-UK2gHhwz9nSgGOj1kWS8DtIb8BMetMHNeg2ezVyJ2zBs9gYeXl8jFAjQC2hyEyJZ-_tkBaHkqB2U_RN4F6lvGCG7dOGLCKs_kjf0GNHgLc7LwaUh7-lrbYOSPqJtBUfLKNEOBd1AvYMEoA9i1lvH_X_wIEhzEut04l3tHKpc7Jngd-Dyy3VfWKqjz9B_UvoEY43LLc5oxyD6AeFQRPgpQYbh-V6amXhy3n8biN8OmHTjvJR7rWx41gKwclRjRyjdquwlKEhz0_MmcDoiKlGuMYYBV4oxKm6MYreEEaniIlQwmRMHxZ7ncRdzbPrtpSDJDFVGD5yyUYWbq8g-oT4E_s4jTR75a0uPGJC18ln_e_2xVXDE6peN3PL5WVFmQLlXAtCqEJndpcte0bCgT6AXiwXkwhH6CbjUq1x861ehdhdL8kYWTRVq_0M
# 宫爆脆溜虾.jpg,https://pigkiller-011955-1319328397.cos.ap-beijing.myqcloud.com/%23%20%E5%AE%AB%E7%88%86%E8%84%86%E6%BA%9C%E8%99%BE.jpg?q-sign-algorithm=sha1&q-ak=AKIDdTLUk5dUbcj3MYoNRNIoVL3XWWallbejdPwJelGK5elgO-IScaSkrNjL9uiJhlCU&q-sign-time=1722216056;1722219656&q-key-time=1722216056;1722219656&q-header-list=&q-url-param-list=&q-signature=50e7db8f0f127e9cf4e907758fea8971509c7de6&x-cos-security-token=iunvr5haYQlLggDnhU1DovbRS98xdiXafb3f31ec84d1cc36e3aad71342f41f79Pd2wLw-0cQ79pdM5o2suafpY7_YdGT0qh3MHMy50mZzt2qtAYkEgzf9RCyP6cRu_fl8x8K96xliFbsJLa9PAfPq99sUu6wygWhwJowFP719CB9l_-bc1g-Mvsbq0-pCzLP5tKz7Kp8Xk2ru1sEw9PkXA9gAMWhpDaJw0sL9zluyoWv1CP-rfyzuZL1JRbLsFlIwEt1QxdszQIMLyv534saXRthExQ0UuyJlExNsIz1ydtW6hRNe19by8zSCy1ywd5X6fK7pcsNSOgftEby8eJ_9XGufa17fdU2b-OxDu9ohPwwfc59zqad8stmCOjuIv1BipkoguBxKcRDXOBlLSltfBsuodcrtoZjoT1126_C5_D92fFHr4DJJQNaYU6g41RMQ2t2uGxnHSxgl3qYG2dz0oPQuksnLNm4kHX-4S4-ywkP_1Iq1CwnoixNrLjb5ColIvfbJbOXY5hex-wniZWP4cMwKUh9kQIU1eTdlvDb2w6ZnfOUxYGkHJs4i0Ldv6JVf5b8NhMn628EWnLA5StMcDBXzWlYGmGwbj9sCfWNiMpBN-Pa6-FtuKJwLIvnx_QhicDBWOBL1Lx2TxdMGfp0LhsZJkJy6kEFqsNb7KKJUQ1b-QSM6PlRTqp6RhjnQ_qaGgVDyNQ_0RfALIeQIVTN3q-ZgdMpi3ulj-Ol2JyNPLDuYXtySoacx1EjJHmTT8nXcwCbIc7lK2Xd42SlYjI_bsqey4zk77GVoKlgCdYDPkuIA7OGYDMDuYHprgwQq6iKGDP7W9JUy8Wf3_cqvOKOtVB-RaLMDDDnuM8QRKcmFTBkwCsj8-UK2gHhwz9nSgGOj1kWS8DtIb8BMetMHNeg2ezVyJ2zBs9gYeXl8jFAjQC2hyEyJZ-_tkBaHkqB2U_RN4F6lvGCG7dOGLCKs_kjf0GNHgLc7LwaUh7-lrbYOSPqJtBUfLKNEOBd1AvYMEoA9i1lvH_X_wIEhzEut04l3tHKpc7Jngd-Dyy3VfWKqjz9B_UvoEY43LLc5oxyD6AeFQRPgpQYbh-V6amXhy3n8biN8OmHTjvJR7rWx41gKwclRjRyjdquwlKEhz0_MmcDoiKlGuMYYBV4oxKm6MYreEEaniIlQwmRMHxZ7ncRdzbPrtpSDJDFVGD5yyUYWbq8g-oT4E_s4jTR75a0uPGJC18ln_e_2xVXDE6peN3PL5WVFmQLlXAtCqEJndpcte0bCgT6AXiwXkwhH6CbjUq1x861ehdhdL8kYWTRVq_0M
# 小米辣炒鸡胗.jpg,https://pigkiller-011955-1319328397.cos.ap-beijing.myqcloud.com/%23%20%E5%B0%8F%E7%B1%B3%E8%BE%A3%E7%82%92%E9%B8%A1%E8%83%97.jpg?q-sign-algorithm=sha1&q-ak=AKIDdTLUk5dUbcj3MYoNRNIoVL3XWWallbejdPwJelGK5elgO-IScaSkrNjL9uiJhlCU&q-sign-time=1722216056;1722219656&q-key-time=1722216056;1722219656&q-header-list=&q-url-param-list=&q-signature=29ff6939775c1380d75f86cf58ad1e4d2f4f3e9d&x-cos-security-token=iunvr5haYQlLggDnhU1DovbRS98xdiXafb3f31ec84d1cc36e3aad71342f41f79Pd2wLw-0cQ79pdM5o2suafpY7_YdGT0qh3MHMy50mZzt2qtAYkEgzf9RCyP6cRu_fl8x8K96xliFbsJLa9PAfPq99sUu6wygWhwJowFP719CB9l_-bc1g-Mvsbq0-pCzLP5tKz7Kp8Xk2ru1sEw9PkXA9gAMWhpDaJw0sL9zluyoWv1CP-rfyzuZL1JRbLsFlIwEt1QxdszQIMLyv534saXRthExQ0UuyJlExNsIz1ydtW6hRNe19by8zSCy1ywd5X6fK7pcsNSOgftEby8eJ_9XGufa17fdU2b-OxDu9ohPwwfc59zqad8stmCOjuIv1BipkoguBxKcRDXOBlLSltfBsuodcrtoZjoT1126_C5_D92fFHr4DJJQNaYU6g41RMQ2t2uGxnHSxgl3qYG2dz0oPQuksnLNm4kHX-4S4-ywkP_1Iq1CwnoixNrLjb5ColIvfbJbOXY5hex-wniZWP4cMwKUh9kQIU1eTdlvDb2w6ZnfOUxYGkHJs4i0Ldv6JVf5b8NhMn628EWnLA5StMcDBXzWlYGmGwbj9sCfWNiMpBN-Pa6-FtuKJwLIvnx_QhicDBWOBL1Lx2TxdMGfp0LhsZJkJy6kEFqsNb7KKJUQ1b-QSM6PlRTqp6RhjnQ_qaGgVDyNQ_0RfALIeQIVTN3q-ZgdMpi3ulj-Ol2JyNPLDuYXtySoacx1EjJHmTT8nXcwCbIc7lK2Xd42SlYjI_bsqey4zk77GVoKlgCdYDPkuIA7OGYDMDuYHprgwQq6iKGDP7W9JUy8Wf3_cqvOKOtVB-RaLMDDDnuM8QRKcmFTBkwCsj8-UK2gHhwz9nSgGOj1kWS8DtIb8BMetMHNeg2ezVyJ2zBs9gYeXl8jFAjQC2hyEyJZ-_tkBaHkqB2U_RN4F6lvGCG7dOGLCKs_kjf0GNHgLc7LwaUh7-lrbYOSPqJtBUfLKNEOBd1AvYMEoA9i1lvH_X_wIEhzEut04l3tHKpc7Jngd-Dyy3VfWKqjz9B_UvoEY43LLc5oxyD6AeFQRPgpQYbh-V6amXhy3n8biN8OmHTjvJR7rWx41gKwclRjRyjdquwlKEhz0_MmcDoiKlGuMYYBV4oxKm6MYreEEaniIlQwmRMHxZ7ncRdzbPrtpSDJDFVGD5yyUYWbq8g-oT4E_s4jTR75a0uPGJC18ln_e_2xVXDE6peN3PL5WVFmQLlXAtCqEJndpcte0bCgT6AXiwXkwhH6CbjUq1x861ehdhdL8kYWTRVq_0M
# 小鱼恋河虾.jpg,https://pigkiller-011955-1319328397.cos.ap-beijing.myqcloud.com/%23%20%E5%B0%8F%E9%B1%BC%E6%81%8B%E6%B2%B3%E8%99%BE.jpg?q-sign-algorithm=sha1&q-ak=AKIDdTLUk5dUbcj3MYoNRNIoVL3XWWallbejdPwJelGK5elgO-IScaSkrNjL9uiJhlCU&q-sign-time=1722216056;1722219656&q-key-time=1722216056;1722219656&q-header-list=&q-url-param-list=&q-signature=e4c49206129dd9579aa186d15811fd883ae42557&x-cos-security-token=iunvr5haYQlLggDnhU1DovbRS98xdiXafb3f31ec84d1cc36e3aad71342f41f79Pd2wLw-0cQ79pdM5o2suafpY7_YdGT0qh3MHMy50mZzt2qtAYkEgzf9RCyP6cRu_fl8x8K96xliFbsJLa9PAfPq99sUu6wygWhwJowFP719CB9l_-bc1g-Mvsbq0-pCzLP5tKz7Kp8Xk2ru1sEw9PkXA9gAMWhpDaJw0sL9zluyoWv1CP-rfyzuZL1JRbLsFlIwEt1QxdszQIMLyv534saXRthExQ0UuyJlExNsIz1ydtW6hRNe19by8zSCy1ywd5X6fK7pcsNSOgftEby8eJ_9XGufa17fdU2b-OxDu9ohPwwfc59zqad8stmCOjuIv1BipkoguBxKcRDXOBlLSltfBsuodcrtoZjoT1126_C5_D92fFHr4DJJQNaYU6g41RMQ2t2uGxnHSxgl3qYG2dz0oPQuksnLNm4kHX-4S4-ywkP_1Iq1CwnoixNrLjb5ColIvfbJbOXY5hex-wniZWP4cMwKUh9kQIU1eTdlvDb2w6ZnfOUxYGkHJs4i0Ldv6JVf5b8NhMn628EWnLA5StMcDBXzWlYGmGwbj9sCfWNiMpBN-Pa6-FtuKJwLIvnx_QhicDBWOBL1Lx2TxdMGfp0LhsZJkJy6kEFqsNb7KKJUQ1b-QSM6PlRTqp6RhjnQ_qaGgVDyNQ_0RfALIeQIVTN3q-ZgdMpi3ulj-Ol2JyNPLDuYXtySoacx1EjJHmTT8nXcwCbIc7lK2Xd42SlYjI_bsqey4zk77GVoKlgCdYDPkuIA7OGYDMDuYHprgwQq6iKGDP7W9JUy8Wf3_cqvOKOtVB-RaLMDDDnuM8QRKcmFTBkwCsj8-UK2gHhwz9nSgGOj1kWS8DtIb8BMetMHNeg2ezVyJ2zBs9gYeXl8jFAjQC2hyEyJZ-_tkBaHkqB2U_RN4F6lvGCG7dOGLCKs_kjf0GNHgLc7LwaUh7-lrbYOSPqJtBUfLKNEOBd1AvYMEoA9i1lvH_X_wIEhzEut04l3tHKpc7Jngd-Dyy3VfWKqjz9B_UvoEY43LLc5oxyD6AeFQRPgpQYbh-V6amXhy3n8biN8OmHTjvJR7rWx41gKwclRjRyjdquwlKEhz0_MmcDoiKlGuMYYBV4oxKm6MYreEEaniIlQwmRMHxZ7ncRdzbPrtpSDJDFVGD5yyUYWbq8g-oT4E_s4jTR75a0uPGJC18ln_e_2xVXDE6peN3PL5WVFmQLlXAtCqEJndpcte0bCgT6AXiwXkwhH6CbjUq1x861ehdhdL8kYWTRVq_0M
# 手抓饭.jpg,https://pigkiller-011955-1319328397.cos.ap-beijing.myqcloud.com/%23%20%E6%89%8B%E6%8A%93%E9%A5%AD.jpg?q-sign-algorithm=sha1&q-ak=AKIDdTLUk5dUbcj3MYoNRNIoVL3XWWallbejdPwJelGK5elgO-IScaSkrNjL9uiJhlCU&q-sign-time=1722216056;1722219656&q-key-time=1722216056;1722219656&q-header-list=&q-url-param-list=&q-signature=41c93ac21ceb8283911a93b7e3d888b2055ed24f&x-cos-security-token=iunvr5haYQlLggDnhU1DovbRS98xdiXafb3f31ec84d1cc36e3aad71342f41f79Pd2wLw-0cQ79pdM5o2suafpY7_YdGT0qh3MHMy50mZzt2qtAYkEgzf9RCyP6cRu_fl8x8K96xliFbsJLa9PAfPq99sUu6wygWhwJowFP719CB9l_-bc1g-Mvsbq0-pCzLP5tKz7Kp8Xk2ru1sEw9PkXA9gAMWhpDaJw0sL9zluyoWv1CP-rfyzuZL1JRbLsFlIwEt1QxdszQIMLyv534saXRthExQ0UuyJlExNsIz1ydtW6hRNe19by8zSCy1ywd5X6fK7pcsNSOgftEby8eJ_9XGufa17fdU2b-OxDu9ohPwwfc59zqad8stmCOjuIv1BipkoguBxKcRDXOBlLSltfBsuodcrtoZjoT1126_C5_D92fFHr4DJJQNaYU6g41RMQ2t2uGxnHSxgl3qYG2dz0oPQuksnLNm4kHX-4S4-ywkP_1Iq1CwnoixNrLjb5ColIvfbJbOXY5hex-wniZWP4cMwKUh9kQIU1eTdlvDb2w6ZnfOUxYGkHJs4i0Ldv6JVf5b8NhMn628EWnLA5StMcDBXzWlYGmGwbj9sCfWNiMpBN-Pa6-FtuKJwLIvnx_QhicDBWOBL1Lx2TxdMGfp0LhsZJkJy6kEFqsNb7KKJUQ1b-QSM6PlRTqp6RhjnQ_qaGgVDyNQ_0RfALIeQIVTN3q-ZgdMpi3ulj-Ol2JyNPLDuYXtySoacx1EjJHmTT8nXcwCbIc7lK2Xd42SlYjI_bsqey4zk77GVoKlgCdYDPkuIA7OGYDMDuYHprgwQq6iKGDP7W9JUy8Wf3_cqvOKOtVB-RaLMDDDnuM8QRKcmFTBkwCsj8-UK2gHhwz9nSgGOj1kWS8DtIb8BMetMHNeg2ezVyJ2zBs9gYeXl8jFAjQC2hyEyJZ-_tkBaHkqB2U_RN4F6lvGCG7dOGLCKs_kjf0GNHgLc7LwaUh7-lrbYOSPqJtBUfLKNEOBd1AvYMEoA9i1lvH_X_wIEhzEut04l3tHKpc7Jngd-Dyy3VfWKqjz9B_UvoEY43LLc5oxyD6AeFQRPgpQYbh-V6amXhy3n8biN8OmHTjvJR7rWx41gKwclRjRyjdquwlKEhz0_MmcDoiKlGuMYYBV4oxKm6MYreEEaniIlQwmRMHxZ7ncRdzbPrtpSDJDFVGD5yyUYWbq8g-oT4E_s4jTR75a0uPGJC18ln_e_2xVXDE6peN3PL5WVFmQLlXAtCqEJndpcte0bCgT6AXiwXkwhH6CbjUq1x861ehdhdL8kYWTRVq_0M
# 把子肉套餐.jpg,https://pigkiller-011955-1319328397.cos.ap-beijing.myqcloud.com/%23%20%E6%8A%8A%E5%AD%90%E8%82%89%E5%A5%97%E9%A4%90.jpg?q-sign-algorithm=sha1&q-ak=AKIDdTLUk5dUbcj3MYoNRNIoVL3XWWallbejdPwJelGK5elgO-IScaSkrNjL9uiJhlCU&q-sign-time=1722216056;1722219656&q-key-time=1722216056;1722219656&q-header-list=&q-url-param-list=&q-signature=9be5f1913f1e29ab1fac52c5311cc2100fd6e572&x-cos-security-token=iunvr5haYQlLggDnhU1DovbRS98xdiXafb3f31ec84d1cc36e3aad71342f41f79Pd2wLw-0cQ79pdM5o2suafpY7_YdGT0qh3MHMy50mZzt2qtAYkEgzf9RCyP6cRu_fl8x8K96xliFbsJLa9PAfPq99sUu6wygWhwJowFP719CB9l_-bc1g-Mvsbq0-pCzLP5tKz7Kp8Xk2ru1sEw9PkXA9gAMWhpDaJw0sL9zluyoWv1CP-rfyzuZL1JRbLsFlIwEt1QxdszQIMLyv534saXRthExQ0UuyJlExNsIz1ydtW6hRNe19by8zSCy1ywd5X6fK7pcsNSOgftEby8eJ_9XGufa17fdU2b-OxDu9ohPwwfc59zqad8stmCOjuIv1BipkoguBxKcRDXOBlLSltfBsuodcrtoZjoT1126_C5_D92fFHr4DJJQNaYU6g41RMQ2t2uGxnHSxgl3qYG2dz0oPQuksnLNm4kHX-4S4-ywkP_1Iq1CwnoixNrLjb5ColIvfbJbOXY5hex-wniZWP4cMwKUh9kQIU1eTdlvDb2w6ZnfOUxYGkHJs4i0Ldv6JVf5b8NhMn628EWnLA5StMcDBXzWlYGmGwbj9sCfWNiMpBN-Pa6-FtuKJwLIvnx_QhicDBWOBL1Lx2TxdMGfp0LhsZJkJy6kEFqsNb7KKJUQ1b-QSM6PlRTqp6RhjnQ_qaGgVDyNQ_0RfALIeQIVTN3q-ZgdMpi3ulj-Ol2JyNPLDuYXtySoacx1EjJHmTT8nXcwCbIc7lK2Xd42SlYjI_bsqey4zk77GVoKlgCdYDPkuIA7OGYDMDuYHprgwQq6iKGDP7W9JUy8Wf3_cqvOKOtVB-RaLMDDDnuM8QRKcmFTBkwCsj8-UK2gHhwz9nSgGOj1kWS8DtIb8BMetMHNeg2ezVyJ2zBs9gYeXl8jFAjQC2hyEyJZ-_tkBaHkqB2U_RN4F6lvGCG7dOGLCKs_kjf0GNHgLc7LwaUh7-lrbYOSPqJtBUfLKNEOBd1AvYMEoA9i1lvH_X_wIEhzEut04l3tHKpc7Jngd-Dyy3VfWKqjz9B_UvoEY43LLc5oxyD6AeFQRPgpQYbh-V6amXhy3n8biN8OmHTjvJR7rWx41gKwclRjRyjdquwlKEhz0_MmcDoiKlGuMYYBV4oxKm6MYreEEaniIlQwmRMHxZ7ncRdzbPrtpSDJDFVGD5yyUYWbq8g-oT4E_s4jTR75a0uPGJC18ln_e_2xVXDE6peN3PL5WVFmQLlXAtCqEJndpcte0bCgT6AXiwXkwhH6CbjUq1x861ehdhdL8kYWTRVq_0M
# 招牌馋嘴鱼.jpg,https://pigkiller-011955-1319328397.cos.ap-beijing.myqcloud.com/%23%20%E6%8B%9B%E7%89%8C%E9%A6%8B%E5%98%B4%E9%B1%BC.jpg?q-sign-algorithm=sha1&q-ak=AKIDdTLUk5dUbcj3MYoNRNIoVL3XWWallbejdPwJelGK5elgO-IScaSkrNjL9uiJhlCU&q-sign-time=1722216056;1722219656&q-key-time=1722216056;1722219656&q-header-list=&q-url-param-list=&q-signature=0b6d4bbb8cc55ae58c94b292221aeec170ea1aa1&x-cos-security-token=iunvr5haYQlLggDnhU1DovbRS98xdiXafb3f31ec84d1cc36e3aad71342f41f79Pd2wLw-0cQ79pdM5o2suafpY7_YdGT0qh3MHMy50mZzt2qtAYkEgzf9RCyP6cRu_fl8x8K96xliFbsJLa9PAfPq99sUu6wygWhwJowFP719CB9l_-bc1g-Mvsbq0-pCzLP5tKz7Kp8Xk2ru1sEw9PkXA9gAMWhpDaJw0sL9zluyoWv1CP-rfyzuZL1JRbLsFlIwEt1QxdszQIMLyv534saXRthExQ0UuyJlExNsIz1ydtW6hRNe19by8zSCy1ywd5X6fK7pcsNSOgftEby8eJ_9XGufa17fdU2b-OxDu9ohPwwfc59zqad8stmCOjuIv1BipkoguBxKcRDXOBlLSltfBsuodcrtoZjoT1126_C5_D92fFHr4DJJQNaYU6g41RMQ2t2uGxnHSxgl3qYG2dz0oPQuksnLNm4kHX-4S4-ywkP_1Iq1CwnoixNrLjb5ColIvfbJbOXY5hex-wniZWP4cMwKUh9kQIU1eTdlvDb2w6ZnfOUxYGkHJs4i0Ldv6JVf5b8NhMn628EWnLA5StMcDBXzWlYGmGwbj9sCfWNiMpBN-Pa6-FtuKJwLIvnx_QhicDBWOBL1Lx2TxdMGfp0LhsZJkJy6kEFqsNb7KKJUQ1b-QSM6PlRTqp6RhjnQ_qaGgVDyNQ_0RfALIeQIVTN3q-ZgdMpi3ulj-Ol2JyNPLDuYXtySoacx1EjJHmTT8nXcwCbIc7lK2Xd42SlYjI_bsqey4zk77GVoKlgCdYDPkuIA7OGYDMDuYHprgwQq6iKGDP7W9JUy8Wf3_cqvOKOtVB-RaLMDDDnuM8QRKcmFTBkwCsj8-UK2gHhwz9nSgGOj1kWS8DtIb8BMetMHNeg2ezVyJ2zBs9gYeXl8jFAjQC2hyEyJZ-_tkBaHkqB2U_RN4F6lvGCG7dOGLCKs_kjf0GNHgLc7LwaUh7-lrbYOSPqJtBUfLKNEOBd1AvYMEoA9i1lvH_X_wIEhzEut04l3tHKpc7Jngd-Dyy3VfWKqjz9B_UvoEY43LLc5oxyD6AeFQRPgpQYbh-V6amXhy3n8biN8OmHTjvJR7rWx41gKwclRjRyjdquwlKEhz0_MmcDoiKlGuMYYBV4oxKm6MYreEEaniIlQwmRMHxZ7ncRdzbPrtpSDJDFVGD5yyUYWbq8g-oT4E_s4jTR75a0uPGJC18ln_e_2xVXDE6peN3PL5WVFmQLlXAtCqEJndpcte0bCgT6AXiwXkwhH6CbjUq1x861ehdhdL8kYWTRVq_0M
# 板面.jpg,https://pigkiller-011955-1319328397.cos.ap-beijing.myqcloud.com/%23%20%E6%9D%BF%E9%9D%A2.jpg?q-sign-algorithm=sha1&q-ak=AKIDdTLUk5dUbcj3MYoNRNIoVL3XWWallbejdPwJelGK5elgO-IScaSkrNjL9uiJhlCU&q-sign-time=1722216056;1722219656&q-key-time=1722216056;1722219656&q-header-list=&q-url-param-list=&q-signature=8f2dfa90a290d4847c1621f628267e18f12fb5ec&x-cos-security-token=iunvr5haYQlLggDnhU1DovbRS98xdiXafb3f31ec84d1cc36e3aad71342f41f79Pd2wLw-0cQ79pdM5o2suafpY7_YdGT0qh3MHMy50mZzt2qtAYkEgzf9RCyP6cRu_fl8x8K96xliFbsJLa9PAfPq99sUu6wygWhwJowFP719CB9l_-bc1g-Mvsbq0-pCzLP5tKz7Kp8Xk2ru1sEw9PkXA9gAMWhpDaJw0sL9zluyoWv1CP-rfyzuZL1JRbLsFlIwEt1QxdszQIMLyv534saXRthExQ0UuyJlExNsIz1ydtW6hRNe19by8zSCy1ywd5X6fK7pcsNSOgftEby8eJ_9XGufa17fdU2b-OxDu9ohPwwfc59zqad8stmCOjuIv1BipkoguBxKcRDXOBlLSltfBsuodcrtoZjoT1126_C5_D92fFHr4DJJQNaYU6g41RMQ2t2uGxnHSxgl3qYG2dz0oPQuksnLNm4kHX-4S4-ywkP_1Iq1CwnoixNrLjb5ColIvfbJbOXY5hex-wniZWP4cMwKUh9kQIU1eTdlvDb2w6ZnfOUxYGkHJs4i0Ldv6JVf5b8NhMn628EWnLA5StMcDBXzWlYGmGwbj9sCfWNiMpBN-Pa6-FtuKJwLIvnx_QhicDBWOBL1Lx2TxdMGfp0LhsZJkJy6kEFqsNb7KKJUQ1b-QSM6PlRTqp6RhjnQ_qaGgVDyNQ_0RfALIeQIVTN3q-ZgdMpi3ulj-Ol2JyNPLDuYXtySoacx1EjJHmTT8nXcwCbIc7lK2Xd42SlYjI_bsqey4zk77GVoKlgCdYDPkuIA7OGYDMDuYHprgwQq6iKGDP7W9JUy8Wf3_cqvOKOtVB-RaLMDDDnuM8QRKcmFTBkwCsj8-UK2gHhwz9nSgGOj1kWS8DtIb8BMetMHNeg2ezVyJ2zBs9gYeXl8jFAjQC2hyEyJZ-_tkBaHkqB2U_RN4F6lvGCG7dOGLCKs_kjf0GNHgLc7LwaUh7-lrbYOSPqJtBUfLKNEOBd1AvYMEoA9i1lvH_X_wIEhzEut04l3tHKpc7Jngd-Dyy3VfWKqjz9B_UvoEY43LLc5oxyD6AeFQRPgpQYbh-V6amXhy3n8biN8OmHTjvJR7rWx41gKwclRjRyjdquwlKEhz0_MmcDoiKlGuMYYBV4oxKm6MYreEEaniIlQwmRMHxZ7ncRdzbPrtpSDJDFVGD5yyUYWbq8g-oT4E_s4jTR75a0uPGJC18ln_e_2xVXDE6peN3PL5WVFmQLlXAtCqEJndpcte0bCgT6AXiwXkwhH6CbjUq1x861ehdhdL8kYWTRVq_0M
# 沙拉年糕串.jpg,https://pigkiller-011955-1319328397.cos.ap-beijing.myqcloud.com/%23%20%E6%B2%99%E6%8B%89%E5%B9%B4%E7%B3%95%E4%B8%B2.jpg?q-sign-algorithm=sha1&q-ak=AKIDdTLUk5dUbcj3MYoNRNIoVL3XWWallbejdPwJelGK5elgO-IScaSkrNjL9uiJhlCU&q-sign-time=1722216056;1722219656&q-key-time=1722216056;1722219656&q-header-list=&q-url-param-list=&q-signature=67e1fc84cfb90b94df634f2d6386576a4958004f&x-cos-security-token=iunvr5haYQlLggDnhU1DovbRS98xdiXafb3f31ec84d1cc36e3aad71342f41f79Pd2wLw-0cQ79pdM5o2suafpY7_YdGT0qh3MHMy50mZzt2qtAYkEgzf9RCyP6cRu_fl8x8K96xliFbsJLa9PAfPq99sUu6wygWhwJowFP719CB9l_-bc1g-Mvsbq0-pCzLP5tKz7Kp8Xk2ru1sEw9PkXA9gAMWhpDaJw0sL9zluyoWv1CP-rfyzuZL1JRbLsFlIwEt1QxdszQIMLyv534saXRthExQ0UuyJlExNsIz1ydtW6hRNe19by8zSCy1ywd5X6fK7pcsNSOgftEby8eJ_9XGufa17fdU2b-OxDu9ohPwwfc59zqad8stmCOjuIv1BipkoguBxKcRDXOBlLSltfBsuodcrtoZjoT1126_C5_D92fFHr4DJJQNaYU6g41RMQ2t2uGxnHSxgl3qYG2dz0oPQuksnLNm4kHX-4S4-ywkP_1Iq1CwnoixNrLjb5ColIvfbJbOXY5hex-wniZWP4cMwKUh9kQIU1eTdlvDb2w6ZnfOUxYGkHJs4i0Ldv6JVf5b8NhMn628EWnLA5StMcDBXzWlYGmGwbj9sCfWNiMpBN-Pa6-FtuKJwLIvnx_QhicDBWOBL1Lx2TxdMGfp0LhsZJkJy6kEFqsNb7KKJUQ1b-QSM6PlRTqp6RhjnQ_qaGgVDyNQ_0RfALIeQIVTN3q-ZgdMpi3ulj-Ol2JyNPLDuYXtySoacx1EjJHmTT8nXcwCbIc7lK2Xd42SlYjI_bsqey4zk77GVoKlgCdYDPkuIA7OGYDMDuYHprgwQq6iKGDP7W9JUy8Wf3_cqvOKOtVB-RaLMDDDnuM8QRKcmFTBkwCsj8-UK2gHhwz9nSgGOj1kWS8DtIb8BMetMHNeg2ezVyJ2zBs9gYeXl8jFAjQC2hyEyJZ-_tkBaHkqB2U_RN4F6lvGCG7dOGLCKs_kjf0GNHgLc7LwaUh7-lrbYOSPqJtBUfLKNEOBd1AvYMEoA9i1lvH_X_wIEhzEut04l3tHKpc7Jngd-Dyy3VfWKqjz9B_UvoEY43LLc5oxyD6AeFQRPgpQYbh-V6amXhy3n8biN8OmHTjvJR7rWx41gKwclRjRyjdquwlKEhz0_MmcDoiKlGuMYYBV4oxKm6MYreEEaniIlQwmRMHxZ7ncRdzbPrtpSDJDFVGD5yyUYWbq8g-oT4E_s4jTR75a0uPGJC18ln_e_2xVXDE6peN3PL5WVFmQLlXAtCqEJndpcte0bCgT6AXiwXkwhH6CbjUq1x861ehdhdL8kYWTRVq_0M
# 炸椰奶.jpg,https://pigkiller-011955-1319328397.cos.ap-beijing.myqcloud.com/%23%20%E7%82%B8%E6%A4%B0%E5%A5%B6.jpg?q-sign-algorithm=sha1&q-ak=AKIDdTLUk5dUbcj3MYoNRNIoVL3XWWallbejdPwJelGK5elgO-IScaSkrNjL9uiJhlCU&q-sign-time=1722216056;1722219656&q-key-time=1722216056;1722219656&q-header-list=&q-url-param-list=&q-signature=ac36eae317f52450478feede1f5114dcdf56a728&x-cos-security-token=iunvr5haYQlLggDnhU1DovbRS98xdiXafb3f31ec84d1cc36e3aad71342f41f79Pd2wLw-0cQ79pdM5o2suafpY7_YdGT0qh3MHMy50mZzt2qtAYkEgzf9RCyP6cRu_fl8x8K96xliFbsJLa9PAfPq99sUu6wygWhwJowFP719CB9l_-bc1g-Mvsbq0-pCzLP5tKz7Kp8Xk2ru1sEw9PkXA9gAMWhpDaJw0sL9zluyoWv1CP-rfyzuZL1JRbLsFlIwEt1QxdszQIMLyv534saXRthExQ0UuyJlExNsIz1ydtW6hRNe19by8zSCy1ywd5X6fK7pcsNSOgftEby8eJ_9XGufa17fdU2b-OxDu9ohPwwfc59zqad8stmCOjuIv1BipkoguBxKcRDXOBlLSltfBsuodcrtoZjoT1126_C5_D92fFHr4DJJQNaYU6g41RMQ2t2uGxnHSxgl3qYG2dz0oPQuksnLNm4kHX-4S4-ywkP_1Iq1CwnoixNrLjb5ColIvfbJbOXY5hex-wniZWP4cMwKUh9kQIU1eTdlvDb2w6ZnfOUxYGkHJs4i0Ldv6JVf5b8NhMn628EWnLA5StMcDBXzWlYGmGwbj9sCfWNiMpBN-Pa6-FtuKJwLIvnx_QhicDBWOBL1Lx2TxdMGfp0LhsZJkJy6kEFqsNb7KKJUQ1b-QSM6PlRTqp6RhjnQ_qaGgVDyNQ_0RfALIeQIVTN3q-ZgdMpi3ulj-Ol2JyNPLDuYXtySoacx1EjJHmTT8nXcwCbIc7lK2Xd42SlYjI_bsqey4zk77GVoKlgCdYDPkuIA7OGYDMDuYHprgwQq6iKGDP7W9JUy8Wf3_cqvOKOtVB-RaLMDDDnuM8QRKcmFTBkwCsj8-UK2gHhwz9nSgGOj1kWS8DtIb8BMetMHNeg2ezVyJ2zBs9gYeXl8jFAjQC2hyEyJZ-_tkBaHkqB2U_RN4F6lvGCG7dOGLCKs_kjf0GNHgLc7LwaUh7-lrbYOSPqJtBUfLKNEOBd1AvYMEoA9i1lvH_X_wIEhzEut04l3tHKpc7Jngd-Dyy3VfWKqjz9B_UvoEY43LLc5oxyD6AeFQRPgpQYbh-V6amXhy3n8biN8OmHTjvJR7rWx41gKwclRjRyjdquwlKEhz0_MmcDoiKlGuMYYBV4oxKm6MYreEEaniIlQwmRMHxZ7ncRdzbPrtpSDJDFVGD5yyUYWbq8g-oT4E_s4jTR75a0uPGJC18ln_e_2xVXDE6peN3PL5WVFmQLlXAtCqEJndpcte0bCgT6AXiwXkwhH6CbjUq1x861ehdhdL8kYWTRVq_0M
# 烧汁饭系列.jpg,https://pigkiller-011955-1319328397.cos.ap-beijing.myqcloud.com/%23%20%E7%83%A7%E6%B1%81%E9%A5%AD%E7%B3%BB%E5%88%97.jpg?q-sign-algorithm=sha1&q-ak=AKIDdTLUk5dUbcj3MYoNRNIoVL3XWWallbejdPwJelGK5elgO-IScaSkrNjL9uiJhlCU&q-sign-time=1722216056;1722219656&q-key-time=1722216056;1722219656&q-header-list=&q-url-param-list=&q-signature=c19806b13a239cf0c446b26500f3d42c30e49f4e&x-cos-security-token=iunvr5haYQlLggDnhU1DovbRS98xdiXafb3f31ec84d1cc36e3aad71342f41f79Pd2wLw-0cQ79pdM5o2suafpY7_YdGT0qh3MHMy50mZzt2qtAYkEgzf9RCyP6cRu_fl8x8K96xliFbsJLa9PAfPq99sUu6wygWhwJowFP719CB9l_-bc1g-Mvsbq0-pCzLP5tKz7Kp8Xk2ru1sEw9PkXA9gAMWhpDaJw0sL9zluyoWv1CP-rfyzuZL1JRbLsFlIwEt1QxdszQIMLyv534saXRthExQ0UuyJlExNsIz1ydtW6hRNe19by8zSCy1ywd5X6fK7pcsNSOgftEby8eJ_9XGufa17fdU2b-OxDu9ohPwwfc59zqad8stmCOjuIv1BipkoguBxKcRDXOBlLSltfBsuodcrtoZjoT1126_C5_D92fFHr4DJJQNaYU6g41RMQ2t2uGxnHSxgl3qYG2dz0oPQuksnLNm4kHX-4S4-ywkP_1Iq1CwnoixNrLjb5ColIvfbJbOXY5hex-wniZWP4cMwKUh9kQIU1eTdlvDb2w6ZnfOUxYGkHJs4i0Ldv6JVf5b8NhMn628EWnLA5StMcDBXzWlYGmGwbj9sCfWNiMpBN-Pa6-FtuKJwLIvnx_QhicDBWOBL1Lx2TxdMGfp0LhsZJkJy6kEFqsNb7KKJUQ1b-QSM6PlRTqp6RhjnQ_qaGgVDyNQ_0RfALIeQIVTN3q-ZgdMpi3ulj-Ol2JyNPLDuYXtySoacx1EjJHmTT8nXcwCbIc7lK2Xd42SlYjI_bsqey4zk77GVoKlgCdYDPkuIA7OGYDMDuYHprgwQq6iKGDP7W9JUy8Wf3_cqvOKOtVB-RaLMDDDnuM8QRKcmFTBkwCsj8-UK2gHhwz9nSgGOj1kWS8DtIb8BMetMHNeg2ezVyJ2zBs9gYeXl8jFAjQC2hyEyJZ-_tkBaHkqB2U_RN4F6lvGCG7dOGLCKs_kjf0GNHgLc7LwaUh7-lrbYOSPqJtBUfLKNEOBd1AvYMEoA9i1lvH_X_wIEhzEut04l3tHKpc7Jngd-Dyy3VfWKqjz9B_UvoEY43LLc5oxyD6AeFQRPgpQYbh-V6amXhy3n8biN8OmHTjvJR7rWx41gKwclRjRyjdquwlKEhz0_MmcDoiKlGuMYYBV4oxKm6MYreEEaniIlQwmRMHxZ7ncRdzbPrtpSDJDFVGD5yyUYWbq8g-oT4E_s4jTR75a0uPGJC18ln_e_2xVXDE6peN3PL5WVFmQLlXAtCqEJndpcte0bCgT6AXiwXkwhH6CbjUq1x861ehdhdL8kYWTRVq_0M
# 烩菜.jpg,https://pigkiller-011955-1319328397.cos.ap-beijing.myqcloud.com/%23%20%E7%83%A9%E8%8F%9C.jpg?q-sign-algorithm=sha1&q-ak=AKIDdTLUk5dUbcj3MYoNRNIoVL3XWWallbejdPwJelGK5elgO-IScaSkrNjL9uiJhlCU&q-sign-time=1722216056;1722219656&q-key-time=1722216056;1722219656&q-header-list=&q-url-param-list=&q-signature=e23d02efd944c1c903d8321ea5379b9fd2124d60&x-cos-security-token=iunvr5haYQlLggDnhU1DovbRS98xdiXafb3f31ec84d1cc36e3aad71342f41f79Pd2wLw-0cQ79pdM5o2suafpY7_YdGT0qh3MHMy50mZzt2qtAYkEgzf9RCyP6cRu_fl8x8K96xliFbsJLa9PAfPq99sUu6wygWhwJowFP719CB9l_-bc1g-Mvsbq0-pCzLP5tKz7Kp8Xk2ru1sEw9PkXA9gAMWhpDaJw0sL9zluyoWv1CP-rfyzuZL1JRbLsFlIwEt1QxdszQIMLyv534saXRthExQ0UuyJlExNsIz1ydtW6hRNe19by8zSCy1ywd5X6fK7pcsNSOgftEby8eJ_9XGufa17fdU2b-OxDu9ohPwwfc59zqad8stmCOjuIv1BipkoguBxKcRDXOBlLSltfBsuodcrtoZjoT1126_C5_D92fFHr4DJJQNaYU6g41RMQ2t2uGxnHSxgl3qYG2dz0oPQuksnLNm4kHX-4S4-ywkP_1Iq1CwnoixNrLjb5ColIvfbJbOXY5hex-wniZWP4cMwKUh9kQIU1eTdlvDb2w6ZnfOUxYGkHJs4i0Ldv6JVf5b8NhMn628EWnLA5StMcDBXzWlYGmGwbj9sCfWNiMpBN-Pa6-FtuKJwLIvnx_QhicDBWOBL1Lx2TxdMGfp0LhsZJkJy6kEFqsNb7KKJUQ1b-QSM6PlRTqp6RhjnQ_qaGgVDyNQ_0RfALIeQIVTN3q-ZgdMpi3ulj-Ol2JyNPLDuYXtySoacx1EjJHmTT8nXcwCbIc7lK2Xd42SlYjI_bsqey4zk77GVoKlgCdYDPkuIA7OGYDMDuYHprgwQq6iKGDP7W9JUy8Wf3_cqvOKOtVB-RaLMDDDnuM8QRKcmFTBkwCsj8-UK2gHhwz9nSgGOj1kWS8DtIb8BMetMHNeg2ezVyJ2zBs9gYeXl8jFAjQC2hyEyJZ-_tkBaHkqB2U_RN4F6lvGCG7dOGLCKs_kjf0GNHgLc7LwaUh7-lrbYOSPqJtBUfLKNEOBd1AvYMEoA9i1lvH_X_wIEhzEut04l3tHKpc7Jngd-Dyy3VfWKqjz9B_UvoEY43LLc5oxyD6AeFQRPgpQYbh-V6amXhy3n8biN8OmHTjvJR7rWx41gKwclRjRyjdquwlKEhz0_MmcDoiKlGuMYYBV4oxKm6MYreEEaniIlQwmRMHxZ7ncRdzbPrtpSDJDFVGD5yyUYWbq8g-oT4E_s4jTR75a0uPGJC18ln_e_2xVXDE6peN3PL5WVFmQLlXAtCqEJndpcte0bCgT6AXiwXkwhH6CbjUq1x861ehdhdL8kYWTRVq_0M
# 热卤系列.jpg,https://pigkiller-011955-1319328397.cos.ap-beijing.myqcloud.com/%23%20%E7%83%AD%E5%8D%A4%E7%B3%BB%E5%88%97.jpg?q-sign-algorithm=sha1&q-ak=AKIDdTLUk5dUbcj3MYoNRNIoVL3XWWallbejdPwJelGK5elgO-IScaSkrNjL9uiJhlCU&q-sign-time=1722216056;1722219656&q-key-time=1722216056;1722219656&q-header-list=&q-url-param-list=&q-signature=0f7b199993664f298abb6002130fcb233b7beeb5&x-cos-security-token=iunvr5haYQlLggDnhU1DovbRS98xdiXafb3f31ec84d1cc36e3aad71342f41f79Pd2wLw-0cQ79pdM5o2suafpY7_YdGT0qh3MHMy50mZzt2qtAYkEgzf9RCyP6cRu_fl8x8K96xliFbsJLa9PAfPq99sUu6wygWhwJowFP719CB9l_-bc1g-Mvsbq0-pCzLP5tKz7Kp8Xk2ru1sEw9PkXA9gAMWhpDaJw0sL9zluyoWv1CP-rfyzuZL1JRbLsFlIwEt1QxdszQIMLyv534saXRthExQ0UuyJlExNsIz1ydtW6hRNe19by8zSCy1ywd5X6fK7pcsNSOgftEby8eJ_9XGufa17fdU2b-OxDu9ohPwwfc59zqad8stmCOjuIv1BipkoguBxKcRDXOBlLSltfBsuodcrtoZjoT1126_C5_D92fFHr4DJJQNaYU6g41RMQ2t2uGxnHSxgl3qYG2dz0oPQuksnLNm4kHX-4S4-ywkP_1Iq1CwnoixNrLjb5ColIvfbJbOXY5hex-wniZWP4cMwKUh9kQIU1eTdlvDb2w6ZnfOUxYGkHJs4i0Ldv6JVf5b8NhMn628EWnLA5StMcDBXzWlYGmGwbj9sCfWNiMpBN-Pa6-FtuKJwLIvnx_QhicDBWOBL1Lx2TxdMGfp0LhsZJkJy6kEFqsNb7KKJUQ1b-QSM6PlRTqp6RhjnQ_qaGgVDyNQ_0RfALIeQIVTN3q-ZgdMpi3ulj-Ol2JyNPLDuYXtySoacx1EjJHmTT8nXcwCbIc7lK2Xd42SlYjI_bsqey4zk77GVoKlgCdYDPkuIA7OGYDMDuYHprgwQq6iKGDP7W9JUy8Wf3_cqvOKOtVB-RaLMDDDnuM8QRKcmFTBkwCsj8-UK2gHhwz9nSgGOj1kWS8DtIb8BMetMHNeg2ezVyJ2zBs9gYeXl8jFAjQC2hyEyJZ-_tkBaHkqB2U_RN4F6lvGCG7dOGLCKs_kjf0GNHgLc7LwaUh7-lrbYOSPqJtBUfLKNEOBd1AvYMEoA9i1lvH_X_wIEhzEut04l3tHKpc7Jngd-Dyy3VfWKqjz9B_UvoEY43LLc5oxyD6AeFQRPgpQYbh-V6amXhy3n8biN8OmHTjvJR7rWx41gKwclRjRyjdquwlKEhz0_MmcDoiKlGuMYYBV4oxKm6MYreEEaniIlQwmRMHxZ7ncRdzbPrtpSDJDFVGD5yyUYWbq8g-oT4E_s4jTR75a0uPGJC18ln_e_2xVXDE6peN3PL5WVFmQLlXAtCqEJndpcte0bCgT6AXiwXkwhH6CbjUq1x861ehdhdL8kYWTRVq_0M
# 焖猪蹄套餐.jpg,https://pigkiller-011955-1319328397.cos.ap-beijing.myqcloud.com/%23%20%E7%84%96%E7%8C%AA%E8%B9%84%E5%A5%97%E9%A4%90.jpg?q-sign-algorithm=sha1&q-ak=AKIDdTLUk5dUbcj3MYoNRNIoVL3XWWallbejdPwJelGK5elgO-IScaSkrNjL9uiJhlCU&q-sign-time=1722216056;1722219656&q-key-time=1722216056;1722219656&q-header-list=&q-url-param-list=&q-signature=07d684a51e832c3dbf5a850d29522b7748ec8023&x-cos-security-token=iunvr5haYQlLggDnhU1DovbRS98xdiXafb3f31ec84d1cc36e3aad71342f41f79Pd2wLw-0cQ79pdM5o2suafpY7_YdGT0qh3MHMy50mZzt2qtAYkEgzf9RCyP6cRu_fl8x8K96xliFbsJLa9PAfPq99sUu6wygWhwJowFP719CB9l_-bc1g-Mvsbq0-pCzLP5tKz7Kp8Xk2ru1sEw9PkXA9gAMWhpDaJw0sL9zluyoWv1CP-rfyzuZL1JRbLsFlIwEt1QxdszQIMLyv534saXRthExQ0UuyJlExNsIz1ydtW6hRNe19by8zSCy1ywd5X6fK7pcsNSOgftEby8eJ_9XGufa17fdU2b-OxDu9ohPwwfc59zqad8stmCOjuIv1BipkoguBxKcRDXOBlLSltfBsuodcrtoZjoT1126_C5_D92fFHr4DJJQNaYU6g41RMQ2t2uGxnHSxgl3qYG2dz0oPQuksnLNm4kHX-4S4-ywkP_1Iq1CwnoixNrLjb5ColIvfbJbOXY5hex-wniZWP4cMwKUh9kQIU1eTdlvDb2w6ZnfOUxYGkHJs4i0Ldv6JVf5b8NhMn628EWnLA5StMcDBXzWlYGmGwbj9sCfWNiMpBN-Pa6-FtuKJwLIvnx_QhicDBWOBL1Lx2TxdMGfp0LhsZJkJy6kEFqsNb7KKJUQ1b-QSM6PlRTqp6RhjnQ_qaGgVDyNQ_0RfALIeQIVTN3q-ZgdMpi3ulj-Ol2JyNPLDuYXtySoacx1EjJHmTT8nXcwCbIc7lK2Xd42SlYjI_bsqey4zk77GVoKlgCdYDPkuIA7OGYDMDuYHprgwQq6iKGDP7W9JUy8Wf3_cqvOKOtVB-RaLMDDDnuM8QRKcmFTBkwCsj8-UK2gHhwz9nSgGOj1kWS8DtIb8BMetMHNeg2ezVyJ2zBs9gYeXl8jFAjQC2hyEyJZ-_tkBaHkqB2U_RN4F6lvGCG7dOGLCKs_kjf0GNHgLc7LwaUh7-lrbYOSPqJtBUfLKNEOBd1AvYMEoA9i1lvH_X_wIEhzEut04l3tHKpc7Jngd-Dyy3VfWKqjz9B_UvoEY43LLc5oxyD6AeFQRPgpQYbh-V6amXhy3n8biN8OmHTjvJR7rWx41gKwclRjRyjdquwlKEhz0_MmcDoiKlGuMYYBV4oxKm6MYreEEaniIlQwmRMHxZ7ncRdzbPrtpSDJDFVGD5yyUYWbq8g-oT4E_s4jTR75a0uPGJC18ln_e_2xVXDE6peN3PL5WVFmQLlXAtCqEJndpcte0bCgT6AXiwXkwhH6CbjUq1x861ehdhdL8kYWTRVq_0M
# 牛奶燕麦粥.jpg,https://pigkiller-011955-1319328397.cos.ap-beijing.myqcloud.com/%23%20%E7%89%9B%E5%A5%B6%E7%87%95%E9%BA%A6%E7%B2%A5.jpg?q-sign-algorithm=sha1&q-ak=AKIDdTLUk5dUbcj3MYoNRNIoVL3XWWallbejdPwJelGK5elgO-IScaSkrNjL9uiJhlCU&q-sign-time=1722216056;1722219656&q-key-time=1722216056;1722219656&q-header-list=&q-url-param-list=&q-signature=d4329435e5969f6c0af6f00a314a2b2864f5c69c&x-cos-security-token=iunvr5haYQlLggDnhU1DovbRS98xdiXafb3f31ec84d1cc36e3aad71342f41f79Pd2wLw-0cQ79pdM5o2suafpY7_YdGT0qh3MHMy50mZzt2qtAYkEgzf9RCyP6cRu_fl8x8K96xliFbsJLa9PAfPq99sUu6wygWhwJowFP719CB9l_-bc1g-Mvsbq0-pCzLP5tKz7Kp8Xk2ru1sEw9PkXA9gAMWhpDaJw0sL9zluyoWv1CP-rfyzuZL1JRbLsFlIwEt1QxdszQIMLyv534saXRthExQ0UuyJlExNsIz1ydtW6hRNe19by8zSCy1ywd5X6fK7pcsNSOgftEby8eJ_9XGufa17fdU2b-OxDu9ohPwwfc59zqad8stmCOjuIv1BipkoguBxKcRDXOBlLSltfBsuodcrtoZjoT1126_C5_D92fFHr4DJJQNaYU6g41RMQ2t2uGxnHSxgl3qYG2dz0oPQuksnLNm4kHX-4S4-ywkP_1Iq1CwnoixNrLjb5ColIvfbJbOXY5hex-wniZWP4cMwKUh9kQIU1eTdlvDb2w6ZnfOUxYGkHJs4i0Ldv6JVf5b8NhMn628EWnLA5StMcDBXzWlYGmGwbj9sCfWNiMpBN-Pa6-FtuKJwLIvnx_QhicDBWOBL1Lx2TxdMGfp0LhsZJkJy6kEFqsNb7KKJUQ1b-QSM6PlRTqp6RhjnQ_qaGgVDyNQ_0RfALIeQIVTN3q-ZgdMpi3ulj-Ol2JyNPLDuYXtySoacx1EjJHmTT8nXcwCbIc7lK2Xd42SlYjI_bsqey4zk77GVoKlgCdYDPkuIA7OGYDMDuYHprgwQq6iKGDP7W9JUy8Wf3_cqvOKOtVB-RaLMDDDnuM8QRKcmFTBkwCsj8-UK2gHhwz9nSgGOj1kWS8DtIb8BMetMHNeg2ezVyJ2zBs9gYeXl8jFAjQC2hyEyJZ-_tkBaHkqB2U_RN4F6lvGCG7dOGLCKs_kjf0GNHgLc7LwaUh7-lrbYOSPqJtBUfLKNEOBd1AvYMEoA9i1lvH_X_wIEhzEut04l3tHKpc7Jngd-Dyy3VfWKqjz9B_UvoEY43LLc5oxyD6AeFQRPgpQYbh-V6amXhy3n8biN8OmHTjvJR7rWx41gKwclRjRyjdquwlKEhz0_MmcDoiKlGuMYYBV4oxKm6MYreEEaniIlQwmRMHxZ7ncRdzbPrtpSDJDFVGD5yyUYWbq8g-oT4E_s4jTR75a0uPGJC18ln_e_2xVXDE6peN3PL5WVFmQLlXAtCqEJndpcte0bCgT6AXiwXkwhH6CbjUq1x861ehdhdL8kYWTRVq_0M
# 牛肉大葱馅饼.jpg,https://pigkiller-011955-1319328397.cos.ap-beijing.myqcloud.com/%23%20%E7%89%9B%E8%82%89%E5%A4%A7%E8%91%B1%E9%A6%85%E9%A5%BC.jpg?q-sign-algorithm=sha1&q-ak=AKIDdTLUk5dUbcj3MYoNRNIoVL3XWWallbejdPwJelGK5elgO-IScaSkrNjL9uiJhlCU&q-sign-time=1722216056;1722219656&q-key-time=1722216056;1722219656&q-header-list=&q-url-param-list=&q-signature=6d11c4d76021bd3d9b66d61ccdab5f1947ec4c8a&x-cos-security-token=iunvr5haYQlLggDnhU1DovbRS98xdiXafb3f31ec84d1cc36e3aad71342f41f79Pd2wLw-0cQ79pdM5o2suafpY7_YdGT0qh3MHMy50mZzt2qtAYkEgzf9RCyP6cRu_fl8x8K96xliFbsJLa9PAfPq99sUu6wygWhwJowFP719CB9l_-bc1g-Mvsbq0-pCzLP5tKz7Kp8Xk2ru1sEw9PkXA9gAMWhpDaJw0sL9zluyoWv1CP-rfyzuZL1JRbLsFlIwEt1QxdszQIMLyv534saXRthExQ0UuyJlExNsIz1ydtW6hRNe19by8zSCy1ywd5X6fK7pcsNSOgftEby8eJ_9XGufa17fdU2b-OxDu9ohPwwfc59zqad8stmCOjuIv1BipkoguBxKcRDXOBlLSltfBsuodcrtoZjoT1126_C5_D92fFHr4DJJQNaYU6g41RMQ2t2uGxnHSxgl3qYG2dz0oPQuksnLNm4kHX-4S4-ywkP_1Iq1CwnoixNrLjb5ColIvfbJbOXY5hex-wniZWP4cMwKUh9kQIU1eTdlvDb2w6ZnfOUxYGkHJs4i0Ldv6JVf5b8NhMn628EWnLA5StMcDBXzWlYGmGwbj9sCfWNiMpBN-Pa6-FtuKJwLIvnx_QhicDBWOBL1Lx2TxdMGfp0LhsZJkJy6kEFqsNb7KKJUQ1b-QSM6PlRTqp6RhjnQ_qaGgVDyNQ_0RfALIeQIVTN3q-ZgdMpi3ulj-Ol2JyNPLDuYXtySoacx1EjJHmTT8nXcwCbIc7lK2Xd42SlYjI_bsqey4zk77GVoKlgCdYDPkuIA7OGYDMDuYHprgwQq6iKGDP7W9JUy8Wf3_cqvOKOtVB-RaLMDDDnuM8QRKcmFTBkwCsj8-UK2gHhwz9nSgGOj1kWS8DtIb8BMetMHNeg2ezVyJ2zBs9gYeXl8jFAjQC2hyEyJZ-_tkBaHkqB2U_RN4F6lvGCG7dOGLCKs_kjf0GNHgLc7LwaUh7-lrbYOSPqJtBUfLKNEOBd1AvYMEoA9i1lvH_X_wIEhzEut04l3tHKpc7Jngd-Dyy3VfWKqjz9B_UvoEY43LLc5oxyD6AeFQRPgpQYbh-V6amXhy3n8biN8OmHTjvJR7rWx41gKwclRjRyjdquwlKEhz0_MmcDoiKlGuMYYBV4oxKm6MYreEEaniIlQwmRMHxZ7ncRdzbPrtpSDJDFVGD5yyUYWbq8g-oT4E_s4jTR75a0uPGJC18ln_e_2xVXDE6peN3PL5WVFmQLlXAtCqEJndpcte0bCgT6AXiwXkwhH6CbjUq1x861ehdhdL8kYWTRVq_0M
# 狮子头套餐.jpg,https://pigkiller-011955-1319328397.cos.ap-beijing.myqcloud.com/%23%20%E7%8B%AE%E5%AD%90%E5%A4%B4%E5%A5%97%E9%A4%90.jpg?q-sign-algorithm=sha1&q-ak=AKIDdTLUk5dUbcj3MYoNRNIoVL3XWWallbejdPwJelGK5elgO-IScaSkrNjL9uiJhlCU&q-sign-time=1722216056;1722219656&q-key-time=1722216056;1722219656&q-header-list=&q-url-param-list=&q-signature=f977b990da6dce590c7a8485192dc09cfb58b289&x-cos-security-token=iunvr5haYQlLggDnhU1DovbRS98xdiXafb3f31ec84d1cc36e3aad71342f41f79Pd2wLw-0cQ79pdM5o2suafpY7_YdGT0qh3MHMy50mZzt2qtAYkEgzf9RCyP6cRu_fl8x8K96xliFbsJLa9PAfPq99sUu6wygWhwJowFP719CB9l_-bc1g-Mvsbq0-pCzLP5tKz7Kp8Xk2ru1sEw9PkXA9gAMWhpDaJw0sL9zluyoWv1CP-rfyzuZL1JRbLsFlIwEt1QxdszQIMLyv534saXRthExQ0UuyJlExNsIz1ydtW6hRNe19by8zSCy1ywd5X6fK7pcsNSOgftEby8eJ_9XGufa17fdU2b-OxDu9ohPwwfc59zqad8stmCOjuIv1BipkoguBxKcRDXOBlLSltfBsuodcrtoZjoT1126_C5_D92fFHr4DJJQNaYU6g41RMQ2t2uGxnHSxgl3qYG2dz0oPQuksnLNm4kHX-4S4-ywkP_1Iq1CwnoixNrLjb5ColIvfbJbOXY5hex-wniZWP4cMwKUh9kQIU1eTdlvDb2w6ZnfOUxYGkHJs4i0Ldv6JVf5b8NhMn628EWnLA5StMcDBXzWlYGmGwbj9sCfWNiMpBN-Pa6-FtuKJwLIvnx_QhicDBWOBL1Lx2TxdMGfp0LhsZJkJy6kEFqsNb7KKJUQ1b-QSM6PlRTqp6RhjnQ_qaGgVDyNQ_0RfALIeQIVTN3q-ZgdMpi3ulj-Ol2JyNPLDuYXtySoacx1EjJHmTT8nXcwCbIc7lK2Xd42SlYjI_bsqey4zk77GVoKlgCdYDPkuIA7OGYDMDuYHprgwQq6iKGDP7W9JUy8Wf3_cqvOKOtVB-RaLMDDDnuM8QRKcmFTBkwCsj8-UK2gHhwz9nSgGOj1kWS8DtIb8BMetMHNeg2ezVyJ2zBs9gYeXl8jFAjQC2hyEyJZ-_tkBaHkqB2U_RN4F6lvGCG7dOGLCKs_kjf0GNHgLc7LwaUh7-lrbYOSPqJtBUfLKNEOBd1AvYMEoA9i1lvH_X_wIEhzEut04l3tHKpc7Jngd-Dyy3VfWKqjz9B_UvoEY43LLc5oxyD6AeFQRPgpQYbh-V6amXhy3n8biN8OmHTjvJR7rWx41gKwclRjRyjdquwlKEhz0_MmcDoiKlGuMYYBV4oxKm6MYreEEaniIlQwmRMHxZ7ncRdzbPrtpSDJDFVGD5yyUYWbq8g-oT4E_s4jTR75a0uPGJC18ln_e_2xVXDE6peN3PL5WVFmQLlXAtCqEJndpcte0bCgT6AXiwXkwhH6CbjUq1x861ehdhdL8kYWTRVq_0M
# 珍珠丸子.jpg,https://pigkiller-011955-1319328397.cos.ap-beijing.myqcloud.com/%23%20%E7%8F%8D%E7%8F%A0%E4%B8%B8%E5%AD%90.jpg?q-sign-algorithm=sha1&q-ak=AKIDdTLUk5dUbcj3MYoNRNIoVL3XWWallbejdPwJelGK5elgO-IScaSkrNjL9uiJhlCU&q-sign-time=1722216056;1722219656&q-key-time=1722216056;1722219656&q-header-list=&q-url-param-list=&q-signature=9cb857b48ea5076277af796ea28dcde5bceac3c4&x-cos-security-token=iunvr5haYQlLggDnhU1DovbRS98xdiXafb3f31ec84d1cc36e3aad71342f41f79Pd2wLw-0cQ79pdM5o2suafpY7_YdGT0qh3MHMy50mZzt2qtAYkEgzf9RCyP6cRu_fl8x8K96xliFbsJLa9PAfPq99sUu6wygWhwJowFP719CB9l_-bc1g-Mvsbq0-pCzLP5tKz7Kp8Xk2ru1sEw9PkXA9gAMWhpDaJw0sL9zluyoWv1CP-rfyzuZL1JRbLsFlIwEt1QxdszQIMLyv534saXRthExQ0UuyJlExNsIz1ydtW6hRNe19by8zSCy1ywd5X6fK7pcsNSOgftEby8eJ_9XGufa17fdU2b-OxDu9ohPwwfc59zqad8stmCOjuIv1BipkoguBxKcRDXOBlLSltfBsuodcrtoZjoT1126_C5_D92fFHr4DJJQNaYU6g41RMQ2t2uGxnHSxgl3qYG2dz0oPQuksnLNm4kHX-4S4-ywkP_1Iq1CwnoixNrLjb5ColIvfbJbOXY5hex-wniZWP4cMwKUh9kQIU1eTdlvDb2w6ZnfOUxYGkHJs4i0Ldv6JVf5b8NhMn628EWnLA5StMcDBXzWlYGmGwbj9sCfWNiMpBN-Pa6-FtuKJwLIvnx_QhicDBWOBL1Lx2TxdMGfp0LhsZJkJy6kEFqsNb7KKJUQ1b-QSM6PlRTqp6RhjnQ_qaGgVDyNQ_0RfALIeQIVTN3q-ZgdMpi3ulj-Ol2JyNPLDuYXtySoacx1EjJHmTT8nXcwCbIc7lK2Xd42SlYjI_bsqey4zk77GVoKlgCdYDPkuIA7OGYDMDuYHprgwQq6iKGDP7W9JUy8Wf3_cqvOKOtVB-RaLMDDDnuM8QRKcmFTBkwCsj8-UK2gHhwz9nSgGOj1kWS8DtIb8BMetMHNeg2ezVyJ2zBs9gYeXl8jFAjQC2hyEyJZ-_tkBaHkqB2U_RN4F6lvGCG7dOGLCKs_kjf0GNHgLc7LwaUh7-lrbYOSPqJtBUfLKNEOBd1AvYMEoA9i1lvH_X_wIEhzEut04l3tHKpc7Jngd-Dyy3VfWKqjz9B_UvoEY43LLc5oxyD6AeFQRPgpQYbh-V6amXhy3n8biN8OmHTjvJR7rWx41gKwclRjRyjdquwlKEhz0_MmcDoiKlGuMYYBV4oxKm6MYreEEaniIlQwmRMHxZ7ncRdzbPrtpSDJDFVGD5yyUYWbq8g-oT4E_s4jTR75a0uPGJC18ln_e_2xVXDE6peN3PL5WVFmQLlXAtCqEJndpcte0bCgT6AXiwXkwhH6CbjUq1x861ehdhdL8kYWTRVq_0M
# 瓦香鸭.jpg,https://pigkiller-011955-1319328397.cos.ap-beijing.myqcloud.com/%23%20%E7%93%A6%E9%A6%99%E9%B8%AD.jpg?q-sign-algorithm=sha1&q-ak=AKIDdTLUk5dUbcj3MYoNRNIoVL3XWWallbejdPwJelGK5elgO-IScaSkrNjL9uiJhlCU&q-sign-time=1722216056;1722219656&q-key-time=1722216056;1722219656&q-header-list=&q-url-param-list=&q-signature=7bf7b79b84ab4d87b00e50f8c0af66ebb5f37315&x-cos-security-token=iunvr5haYQlLggDnhU1DovbRS98xdiXafb3f31ec84d1cc36e3aad71342f41f79Pd2wLw-0cQ79pdM5o2suafpY7_YdGT0qh3MHMy50mZzt2qtAYkEgzf9RCyP6cRu_fl8x8K96xliFbsJLa9PAfPq99sUu6wygWhwJowFP719CB9l_-bc1g-Mvsbq0-pCzLP5tKz7Kp8Xk2ru1sEw9PkXA9gAMWhpDaJw0sL9zluyoWv1CP-rfyzuZL1JRbLsFlIwEt1QxdszQIMLyv534saXRthExQ0UuyJlExNsIz1ydtW6hRNe19by8zSCy1ywd5X6fK7pcsNSOgftEby8eJ_9XGufa17fdU2b-OxDu9ohPwwfc59zqad8stmCOjuIv1BipkoguBxKcRDXOBlLSltfBsuodcrtoZjoT1126_C5_D92fFHr4DJJQNaYU6g41RMQ2t2uGxnHSxgl3qYG2dz0oPQuksnLNm4kHX-4S4-ywkP_1Iq1CwnoixNrLjb5ColIvfbJbOXY5hex-wniZWP4cMwKUh9kQIU1eTdlvDb2w6ZnfOUxYGkHJs4i0Ldv6JVf5b8NhMn628EWnLA5StMcDBXzWlYGmGwbj9sCfWNiMpBN-Pa6-FtuKJwLIvnx_QhicDBWOBL1Lx2TxdMGfp0LhsZJkJy6kEFqsNb7KKJUQ1b-QSM6PlRTqp6RhjnQ_qaGgVDyNQ_0RfALIeQIVTN3q-ZgdMpi3ulj-Ol2JyNPLDuYXtySoacx1EjJHmTT8nXcwCbIc7lK2Xd42SlYjI_bsqey4zk77GVoKlgCdYDPkuIA7OGYDMDuYHprgwQq6iKGDP7W9JUy8Wf3_cqvOKOtVB-RaLMDDDnuM8QRKcmFTBkwCsj8-UK2gHhwz9nSgGOj1kWS8DtIb8BMetMHNeg2ezVyJ2zBs9gYeXl8jFAjQC2hyEyJZ-_tkBaHkqB2U_RN4F6lvGCG7dOGLCKs_kjf0GNHgLc7LwaUh7-lrbYOSPqJtBUfLKNEOBd1AvYMEoA9i1lvH_X_wIEhzEut04l3tHKpc7Jngd-Dyy3VfWKqjz9B_UvoEY43LLc5oxyD6AeFQRPgpQYbh-V6amXhy3n8biN8OmHTjvJR7rWx41gKwclRjRyjdquwlKEhz0_MmcDoiKlGuMYYBV4oxKm6MYreEEaniIlQwmRMHxZ7ncRdzbPrtpSDJDFVGD5yyUYWbq8g-oT4E_s4jTR75a0uPGJC18ln_e_2xVXDE6peN3PL5WVFmQLlXAtCqEJndpcte0bCgT6AXiwXkwhH6CbjUq1x861ehdhdL8kYWTRVq_0M
# 番茄牛腩煲.jpg,https://pigkiller-011955-1319328397.cos.ap-beijing.myqcloud.com/%23%20%E7%95%AA%E8%8C%84%E7%89%9B%E8%85%A9%E7%85%B2.jpg?q-sign-algorithm=sha1&q-ak=AKIDdTLUk5dUbcj3MYoNRNIoVL3XWWallbejdPwJelGK5elgO-IScaSkrNjL9uiJhlCU&q-sign-time=1722216056;1722219656&q-key-time=1722216056;1722219656&q-header-list=&q-url-param-list=&q-signature=0a847bc572b80dad508c9461ab2a6d4004ef871e&x-cos-security-token=iunvr5haYQlLggDnhU1DovbRS98xdiXafb3f31ec84d1cc36e3aad71342f41f79Pd2wLw-0cQ79pdM5o2suafpY7_YdGT0qh3MHMy50mZzt2qtAYkEgzf9RCyP6cRu_fl8x8K96xliFbsJLa9PAfPq99sUu6wygWhwJowFP719CB9l_-bc1g-Mvsbq0-pCzLP5tKz7Kp8Xk2ru1sEw9PkXA9gAMWhpDaJw0sL9zluyoWv1CP-rfyzuZL1JRbLsFlIwEt1QxdszQIMLyv534saXRthExQ0UuyJlExNsIz1ydtW6hRNe19by8zSCy1ywd5X6fK7pcsNSOgftEby8eJ_9XGufa17fdU2b-OxDu9ohPwwfc59zqad8stmCOjuIv1BipkoguBxKcRDXOBlLSltfBsuodcrtoZjoT1126_C5_D92fFHr4DJJQNaYU6g41RMQ2t2uGxnHSxgl3qYG2dz0oPQuksnLNm4kHX-4S4-ywkP_1Iq1CwnoixNrLjb5ColIvfbJbOXY5hex-wniZWP4cMwKUh9kQIU1eTdlvDb2w6ZnfOUxYGkHJs4i0Ldv6JVf5b8NhMn628EWnLA5StMcDBXzWlYGmGwbj9sCfWNiMpBN-Pa6-FtuKJwLIvnx_QhicDBWOBL1Lx2TxdMGfp0LhsZJkJy6kEFqsNb7KKJUQ1b-QSM6PlRTqp6RhjnQ_qaGgVDyNQ_0RfALIeQIVTN3q-ZgdMpi3ulj-Ol2JyNPLDuYXtySoacx1EjJHmTT8nXcwCbIc7lK2Xd42SlYjI_bsqey4zk77GVoKlgCdYDPkuIA7OGYDMDuYHprgwQq6iKGDP7W9JUy8Wf3_cqvOKOtVB-RaLMDDDnuM8QRKcmFTBkwCsj8-UK2gHhwz9nSgGOj1kWS8DtIb8BMetMHNeg2ezVyJ2zBs9gYeXl8jFAjQC2hyEyJZ-_tkBaHkqB2U_RN4F6lvGCG7dOGLCKs_kjf0GNHgLc7LwaUh7-lrbYOSPqJtBUfLKNEOBd1AvYMEoA9i1lvH_X_wIEhzEut04l3tHKpc7Jngd-Dyy3VfWKqjz9B_UvoEY43LLc5oxyD6AeFQRPgpQYbh-V6amXhy3n8biN8OmHTjvJR7rWx41gKwclRjRyjdquwlKEhz0_MmcDoiKlGuMYYBV4oxKm6MYreEEaniIlQwmRMHxZ7ncRdzbPrtpSDJDFVGD5yyUYWbq8g-oT4E_s4jTR75a0uPGJC18ln_e_2xVXDE6peN3PL5WVFmQLlXAtCqEJndpcte0bCgT6AXiwXkwhH6CbjUq1x861ehdhdL8kYWTRVq_0M
# 皮蛋瘦肉粥.jpg,https://pigkiller-011955-1319328397.cos.ap-beijing.myqcloud.com/%23%20%E7%9A%AE%E8%9B%8B%E7%98%A6%E8%82%89%E7%B2%A5.jpg?q-sign-algorithm=sha1&q-ak=AKIDdTLUk5dUbcj3MYoNRNIoVL3XWWallbejdPwJelGK5elgO-IScaSkrNjL9uiJhlCU&q-sign-time=1722216056;1722219656&q-key-time=1722216056;1722219656&q-header-list=&q-url-param-list=&q-signature=3f90138aa232c8991132ecb5deb50356c8661556&x-cos-security-token=iunvr5haYQlLggDnhU1DovbRS98xdiXafb3f31ec84d1cc36e3aad71342f41f79Pd2wLw-0cQ79pdM5o2suafpY7_YdGT0qh3MHMy50mZzt2qtAYkEgzf9RCyP6cRu_fl8x8K96xliFbsJLa9PAfPq99sUu6wygWhwJowFP719CB9l_-bc1g-Mvsbq0-pCzLP5tKz7Kp8Xk2ru1sEw9PkXA9gAMWhpDaJw0sL9zluyoWv1CP-rfyzuZL1JRbLsFlIwEt1QxdszQIMLyv534saXRthExQ0UuyJlExNsIz1ydtW6hRNe19by8zSCy1ywd5X6fK7pcsNSOgftEby8eJ_9XGufa17fdU2b-OxDu9ohPwwfc59zqad8stmCOjuIv1BipkoguBxKcRDXOBlLSltfBsuodcrtoZjoT1126_C5_D92fFHr4DJJQNaYU6g41RMQ2t2uGxnHSxgl3qYG2dz0oPQuksnLNm4kHX-4S4-ywkP_1Iq1CwnoixNrLjb5ColIvfbJbOXY5hex-wniZWP4cMwKUh9kQIU1eTdlvDb2w6ZnfOUxYGkHJs4i0Ldv6JVf5b8NhMn628EWnLA5StMcDBXzWlYGmGwbj9sCfWNiMpBN-Pa6-FtuKJwLIvnx_QhicDBWOBL1Lx2TxdMGfp0LhsZJkJy6kEFqsNb7KKJUQ1b-QSM6PlRTqp6RhjnQ_qaGgVDyNQ_0RfALIeQIVTN3q-ZgdMpi3ulj-Ol2JyNPLDuYXtySoacx1EjJHmTT8nXcwCbIc7lK2Xd42SlYjI_bsqey4zk77GVoKlgCdYDPkuIA7OGYDMDuYHprgwQq6iKGDP7W9JUy8Wf3_cqvOKOtVB-RaLMDDDnuM8QRKcmFTBkwCsj8-UK2gHhwz9nSgGOj1kWS8DtIb8BMetMHNeg2ezVyJ2zBs9gYeXl8jFAjQC2hyEyJZ-_tkBaHkqB2U_RN4F6lvGCG7dOGLCKs_kjf0GNHgLc7LwaUh7-lrbYOSPqJtBUfLKNEOBd1AvYMEoA9i1lvH_X_wIEhzEut04l3tHKpc7Jngd-Dyy3VfWKqjz9B_UvoEY43LLc5oxyD6AeFQRPgpQYbh-V6amXhy3n8biN8OmHTjvJR7rWx41gKwclRjRyjdquwlKEhz0_MmcDoiKlGuMYYBV4oxKm6MYreEEaniIlQwmRMHxZ7ncRdzbPrtpSDJDFVGD5yyUYWbq8g-oT4E_s4jTR75a0uPGJC18ln_e_2xVXDE6peN3PL5WVFmQLlXAtCqEJndpcte0bCgT6AXiwXkwhH6CbjUq1x861ehdhdL8kYWTRVq_0M
# 盐菜回祸肉.jpg,https://pigkiller-011955-1319328397.cos.ap-beijing.myqcloud.com/%23%20%E7%9B%90%E8%8F%9C%E5%9B%9E%E7%A5%B8%E8%82%89.jpg?q-sign-algorithm=sha1&q-ak=AKIDdTLUk5dUbcj3MYoNRNIoVL3XWWallbejdPwJelGK5elgO-IScaSkrNjL9uiJhlCU&q-sign-time=1722216056;1722219656&q-key-time=1722216056;1722219656&q-header-list=&q-url-param-list=&q-signature=d69fb7fd12a92f5004bd24eae62439ff9213d039&x-cos-security-token=iunvr5haYQlLggDnhU1DovbRS98xdiXafb3f31ec84d1cc36e3aad71342f41f79Pd2wLw-0cQ79pdM5o2suafpY7_YdGT0qh3MHMy50mZzt2qtAYkEgzf9RCyP6cRu_fl8x8K96xliFbsJLa9PAfPq99sUu6wygWhwJowFP719CB9l_-bc1g-Mvsbq0-pCzLP5tKz7Kp8Xk2ru1sEw9PkXA9gAMWhpDaJw0sL9zluyoWv1CP-rfyzuZL1JRbLsFlIwEt1QxdszQIMLyv534saXRthExQ0UuyJlExNsIz1ydtW6hRNe19by8zSCy1ywd5X6fK7pcsNSOgftEby8eJ_9XGufa17fdU2b-OxDu9ohPwwfc59zqad8stmCOjuIv1BipkoguBxKcRDXOBlLSltfBsuodcrtoZjoT1126_C5_D92fFHr4DJJQNaYU6g41RMQ2t2uGxnHSxgl3qYG2dz0oPQuksnLNm4kHX-4S4-ywkP_1Iq1CwnoixNrLjb5ColIvfbJbOXY5hex-wniZWP4cMwKUh9kQIU1eTdlvDb2w6ZnfOUxYGkHJs4i0Ldv6JVf5b8NhMn628EWnLA5StMcDBXzWlYGmGwbj9sCfWNiMpBN-Pa6-FtuKJwLIvnx_QhicDBWOBL1Lx2TxdMGfp0LhsZJkJy6kEFqsNb7KKJUQ1b-QSM6PlRTqp6RhjnQ_qaGgVDyNQ_0RfALIeQIVTN3q-ZgdMpi3ulj-Ol2JyNPLDuYXtySoacx1EjJHmTT8nXcwCbIc7lK2Xd42SlYjI_bsqey4zk77GVoKlgCdYDPkuIA7OGYDMDuYHprgwQq6iKGDP7W9JUy8Wf3_cqvOKOtVB-RaLMDDDnuM8QRKcmFTBkwCsj8-UK2gHhwz9nSgGOj1kWS8DtIb8BMetMHNeg2ezVyJ2zBs9gYeXl8jFAjQC2hyEyJZ-_tkBaHkqB2U_RN4F6lvGCG7dOGLCKs_kjf0GNHgLc7LwaUh7-lrbYOSPqJtBUfLKNEOBd1AvYMEoA9i1lvH_X_wIEhzEut04l3tHKpc7Jngd-Dyy3VfWKqjz9B_UvoEY43LLc5oxyD6AeFQRPgpQYbh-V6amXhy3n8biN8OmHTjvJR7rWx41gKwclRjRyjdquwlKEhz0_MmcDoiKlGuMYYBV4oxKm6MYreEEaniIlQwmRMHxZ7ncRdzbPrtpSDJDFVGD5yyUYWbq8g-oT4E_s4jTR75a0uPGJC18ln_e_2xVXDE6peN3PL5WVFmQLlXAtCqEJndpcte0bCgT6AXiwXkwhH6CbjUq1x861ehdhdL8kYWTRVq_0M
# 秘制扇子骨套餐.jpg,https://pigkiller-011955-1319328397.cos.ap-beijing.myqcloud.com/%23%20%E7%A7%98%E5%88%B6%E6%89%87%E5%AD%90%E9%AA%A8%E5%A5%97%E9%A4%90.jpg?q-sign-algorithm=sha1&q-ak=AKIDdTLUk5dUbcj3MYoNRNIoVL3XWWallbejdPwJelGK5elgO-IScaSkrNjL9uiJhlCU&q-sign-time=1722216056;1722219656&q-key-time=1722216056;1722219656&q-header-list=&q-url-param-list=&q-signature=e5f151e4c53857a254d17941e7baa6352b340ae3&x-cos-security-token=iunvr5haYQlLggDnhU1DovbRS98xdiXafb3f31ec84d1cc36e3aad71342f41f79Pd2wLw-0cQ79pdM5o2suafpY7_YdGT0qh3MHMy50mZzt2qtAYkEgzf9RCyP6cRu_fl8x8K96xliFbsJLa9PAfPq99sUu6wygWhwJowFP719CB9l_-bc1g-Mvsbq0-pCzLP5tKz7Kp8Xk2ru1sEw9PkXA9gAMWhpDaJw0sL9zluyoWv1CP-rfyzuZL1JRbLsFlIwEt1QxdszQIMLyv534saXRthExQ0UuyJlExNsIz1ydtW6hRNe19by8zSCy1ywd5X6fK7pcsNSOgftEby8eJ_9XGufa17fdU2b-OxDu9ohPwwfc59zqad8stmCOjuIv1BipkoguBxKcRDXOBlLSltfBsuodcrtoZjoT1126_C5_D92fFHr4DJJQNaYU6g41RMQ2t2uGxnHSxgl3qYG2dz0oPQuksnLNm4kHX-4S4-ywkP_1Iq1CwnoixNrLjb5ColIvfbJbOXY5hex-wniZWP4cMwKUh9kQIU1eTdlvDb2w6ZnfOUxYGkHJs4i0Ldv6JVf5b8NhMn628EWnLA5StMcDBXzWlYGmGwbj9sCfWNiMpBN-Pa6-FtuKJwLIvnx_QhicDBWOBL1Lx2TxdMGfp0LhsZJkJy6kEFqsNb7KKJUQ1b-QSM6PlRTqp6RhjnQ_qaGgVDyNQ_0RfALIeQIVTN3q-ZgdMpi3ulj-Ol2JyNPLDuYXtySoacx1EjJHmTT8nXcwCbIc7lK2Xd42SlYjI_bsqey4zk77GVoKlgCdYDPkuIA7OGYDMDuYHprgwQq6iKGDP7W9JUy8Wf3_cqvOKOtVB-RaLMDDDnuM8QRKcmFTBkwCsj8-UK2gHhwz9nSgGOj1kWS8DtIb8BMetMHNeg2ezVyJ2zBs9gYeXl8jFAjQC2hyEyJZ-_tkBaHkqB2U_RN4F6lvGCG7dOGLCKs_kjf0GNHgLc7LwaUh7-lrbYOSPqJtBUfLKNEOBd1AvYMEoA9i1lvH_X_wIEhzEut04l3tHKpc7Jngd-Dyy3VfWKqjz9B_UvoEY43LLc5oxyD6AeFQRPgpQYbh-V6amXhy3n8biN8OmHTjvJR7rWx41gKwclRjRyjdquwlKEhz0_MmcDoiKlGuMYYBV4oxKm6MYreEEaniIlQwmRMHxZ7ncRdzbPrtpSDJDFVGD5yyUYWbq8g-oT4E_s4jTR75a0uPGJC18ln_e_2xVXDE6peN3PL5WVFmQLlXAtCqEJndpcte0bCgT6AXiwXkwhH6CbjUq1x861ehdhdL8kYWTRVq_0M
# 秘制羊排饭套餐.jpg,https://pigkiller-011955-1319328397.cos.ap-beijing.myqcloud.com/%23%20%E7%A7%98%E5%88%B6%E7%BE%8A%E6%8E%92%E9%A5%AD%E5%A5%97%E9%A4%90.jpg?q-sign-algorithm=sha1&q-ak=AKIDdTLUk5dUbcj3MYoNRNIoVL3XWWallbejdPwJelGK5elgO-IScaSkrNjL9uiJhlCU&q-sign-time=1722216056;1722219656&q-key-time=1722216056;1722219656&q-header-list=&q-url-param-list=&q-signature=9535a340395f6149f3b77270593e646b20182e00&x-cos-security-token=iunvr5haYQlLggDnhU1DovbRS98xdiXafb3f31ec84d1cc36e3aad71342f41f79Pd2wLw-0cQ79pdM5o2suafpY7_YdGT0qh3MHMy50mZzt2qtAYkEgzf9RCyP6cRu_fl8x8K96xliFbsJLa9PAfPq99sUu6wygWhwJowFP719CB9l_-bc1g-Mvsbq0-pCzLP5tKz7Kp8Xk2ru1sEw9PkXA9gAMWhpDaJw0sL9zluyoWv1CP-rfyzuZL1JRbLsFlIwEt1QxdszQIMLyv534saXRthExQ0UuyJlExNsIz1ydtW6hRNe19by8zSCy1ywd5X6fK7pcsNSOgftEby8eJ_9XGufa17fdU2b-OxDu9ohPwwfc59zqad8stmCOjuIv1BipkoguBxKcRDXOBlLSltfBsuodcrtoZjoT1126_C5_D92fFHr4DJJQNaYU6g41RMQ2t2uGxnHSxgl3qYG2dz0oPQuksnLNm4kHX-4S4-ywkP_1Iq1CwnoixNrLjb5ColIvfbJbOXY5hex-wniZWP4cMwKUh9kQIU1eTdlvDb2w6ZnfOUxYGkHJs4i0Ldv6JVf5b8NhMn628EWnLA5StMcDBXzWlYGmGwbj9sCfWNiMpBN-Pa6-FtuKJwLIvnx_QhicDBWOBL1Lx2TxdMGfp0LhsZJkJy6kEFqsNb7KKJUQ1b-QSM6PlRTqp6RhjnQ_qaGgVDyNQ_0RfALIeQIVTN3q-ZgdMpi3ulj-Ol2JyNPLDuYXtySoacx1EjJHmTT8nXcwCbIc7lK2Xd42SlYjI_bsqey4zk77GVoKlgCdYDPkuIA7OGYDMDuYHprgwQq6iKGDP7W9JUy8Wf3_cqvOKOtVB-RaLMDDDnuM8QRKcmFTBkwCsj8-UK2gHhwz9nSgGOj1kWS8DtIb8BMetMHNeg2ezVyJ2zBs9gYeXl8jFAjQC2hyEyJZ-_tkBaHkqB2U_RN4F6lvGCG7dOGLCKs_kjf0GNHgLc7LwaUh7-lrbYOSPqJtBUfLKNEOBd1AvYMEoA9i1lvH_X_wIEhzEut04l3tHKpc7Jngd-Dyy3VfWKqjz9B_UvoEY43LLc5oxyD6AeFQRPgpQYbh-V6amXhy3n8biN8OmHTjvJR7rWx41gKwclRjRyjdquwlKEhz0_MmcDoiKlGuMYYBV4oxKm6MYreEEaniIlQwmRMHxZ7ncRdzbPrtpSDJDFVGD5yyUYWbq8g-oT4E_s4jTR75a0uPGJC18ln_e_2xVXDE6peN3PL5WVFmQLlXAtCqEJndpcte0bCgT6AXiwXkwhH6CbjUq1x861ehdhdL8kYWTRVq_0M
# 秘制鸡胸肉能量饭.jpg,https://pigkiller-011955-1319328397.cos.ap-beijing.myqcloud.com/%23%20%E7%A7%98%E5%88%B6%E9%B8%A1%E8%83%B8%E8%82%89%E8%83%BD%E9%87%8F%E9%A5%AD.jpg?q-sign-algorithm=sha1&q-ak=AKIDdTLUk5dUbcj3MYoNRNIoVL3XWWallbejdPwJelGK5elgO-IScaSkrNjL9uiJhlCU&q-sign-time=1722216056;1722219656&q-key-time=1722216056;1722219656&q-header-list=&q-url-param-list=&q-signature=896b6dcb08c53b84297ac92da6e79e29aa020523&x-cos-security-token=iunvr5haYQlLggDnhU1DovbRS98xdiXafb3f31ec84d1cc36e3aad71342f41f79Pd2wLw-0cQ79pdM5o2suafpY7_YdGT0qh3MHMy50mZzt2qtAYkEgzf9RCyP6cRu_fl8x8K96xliFbsJLa9PAfPq99sUu6wygWhwJowFP719CB9l_-bc1g-Mvsbq0-pCzLP5tKz7Kp8Xk2ru1sEw9PkXA9gAMWhpDaJw0sL9zluyoWv1CP-rfyzuZL1JRbLsFlIwEt1QxdszQIMLyv534saXRthExQ0UuyJlExNsIz1ydtW6hRNe19by8zSCy1ywd5X6fK7pcsNSOgftEby8eJ_9XGufa17fdU2b-OxDu9ohPwwfc59zqad8stmCOjuIv1BipkoguBxKcRDXOBlLSltfBsuodcrtoZjoT1126_C5_D92fFHr4DJJQNaYU6g41RMQ2t2uGxnHSxgl3qYG2dz0oPQuksnLNm4kHX-4S4-ywkP_1Iq1CwnoixNrLjb5ColIvfbJbOXY5hex-wniZWP4cMwKUh9kQIU1eTdlvDb2w6ZnfOUxYGkHJs4i0Ldv6JVf5b8NhMn628EWnLA5StMcDBXzWlYGmGwbj9sCfWNiMpBN-Pa6-FtuKJwLIvnx_QhicDBWOBL1Lx2TxdMGfp0LhsZJkJy6kEFqsNb7KKJUQ1b-QSM6PlRTqp6RhjnQ_qaGgVDyNQ_0RfALIeQIVTN3q-ZgdMpi3ulj-Ol2JyNPLDuYXtySoacx1EjJHmTT8nXcwCbIc7lK2Xd42SlYjI_bsqey4zk77GVoKlgCdYDPkuIA7OGYDMDuYHprgwQq6iKGDP7W9JUy8Wf3_cqvOKOtVB-RaLMDDDnuM8QRKcmFTBkwCsj8-UK2gHhwz9nSgGOj1kWS8DtIb8BMetMHNeg2ezVyJ2zBs9gYeXl8jFAjQC2hyEyJZ-_tkBaHkqB2U_RN4F6lvGCG7dOGLCKs_kjf0GNHgLc7LwaUh7-lrbYOSPqJtBUfLKNEOBd1AvYMEoA9i1lvH_X_wIEhzEut04l3tHKpc7Jngd-Dyy3VfWKqjz9B_UvoEY43LLc5oxyD6AeFQRPgpQYbh-V6amXhy3n8biN8OmHTjvJR7rWx41gKwclRjRyjdquwlKEhz0_MmcDoiKlGuMYYBV4oxKm6MYreEEaniIlQwmRMHxZ7ncRdzbPrtpSDJDFVGD5yyUYWbq8g-oT4E_s4jTR75a0uPGJC18ln_e_2xVXDE6peN3PL5WVFmQLlXAtCqEJndpcte0bCgT6AXiwXkwhH6CbjUq1x861ehdhdL8kYWTRVq_0M
# 纽奥烤鸡腿.jpg,https://pigkiller-011955-1319328397.cos.ap-beijing.myqcloud.com/%23%20%E7%BA%BD%E5%A5%A5%E7%83%A4%E9%B8%A1%E8%85%BF.jpg?q-sign-algorithm=sha1&q-ak=AKIDdTLUk5dUbcj3MYoNRNIoVL3XWWallbejdPwJelGK5elgO-IScaSkrNjL9uiJhlCU&q-sign-time=1722216056;1722219656&q-key-time=1722216056;1722219656&q-header-list=&q-url-param-list=&q-signature=fe699c9de5ee57cc9851dca5909a5712aeddd556&x-cos-security-token=iunvr5haYQlLggDnhU1DovbRS98xdiXafb3f31ec84d1cc36e3aad71342f41f79Pd2wLw-0cQ79pdM5o2suafpY7_YdGT0qh3MHMy50mZzt2qtAYkEgzf9RCyP6cRu_fl8x8K96xliFbsJLa9PAfPq99sUu6wygWhwJowFP719CB9l_-bc1g-Mvsbq0-pCzLP5tKz7Kp8Xk2ru1sEw9PkXA9gAMWhpDaJw0sL9zluyoWv1CP-rfyzuZL1JRbLsFlIwEt1QxdszQIMLyv534saXRthExQ0UuyJlExNsIz1ydtW6hRNe19by8zSCy1ywd5X6fK7pcsNSOgftEby8eJ_9XGufa17fdU2b-OxDu9ohPwwfc59zqad8stmCOjuIv1BipkoguBxKcRDXOBlLSltfBsuodcrtoZjoT1126_C5_D92fFHr4DJJQNaYU6g41RMQ2t2uGxnHSxgl3qYG2dz0oPQuksnLNm4kHX-4S4-ywkP_1Iq1CwnoixNrLjb5ColIvfbJbOXY5hex-wniZWP4cMwKUh9kQIU1eTdlvDb2w6ZnfOUxYGkHJs4i0Ldv6JVf5b8NhMn628EWnLA5StMcDBXzWlYGmGwbj9sCfWNiMpBN-Pa6-FtuKJwLIvnx_QhicDBWOBL1Lx2TxdMGfp0LhsZJkJy6kEFqsNb7KKJUQ1b-QSM6PlRTqp6RhjnQ_qaGgVDyNQ_0RfALIeQIVTN3q-ZgdMpi3ulj-Ol2JyNPLDuYXtySoacx1EjJHmTT8nXcwCbIc7lK2Xd42SlYjI_bsqey4zk77GVoKlgCdYDPkuIA7OGYDMDuYHprgwQq6iKGDP7W9JUy8Wf3_cqvOKOtVB-RaLMDDDnuM8QRKcmFTBkwCsj8-UK2gHhwz9nSgGOj1kWS8DtIb8BMetMHNeg2ezVyJ2zBs9gYeXl8jFAjQC2hyEyJZ-_tkBaHkqB2U_RN4F6lvGCG7dOGLCKs_kjf0GNHgLc7LwaUh7-lrbYOSPqJtBUfLKNEOBd1AvYMEoA9i1lvH_X_wIEhzEut04l3tHKpc7Jngd-Dyy3VfWKqjz9B_UvoEY43LLc5oxyD6AeFQRPgpQYbh-V6amXhy3n8biN8OmHTjvJR7rWx41gKwclRjRyjdquwlKEhz0_MmcDoiKlGuMYYBV4oxKm6MYreEEaniIlQwmRMHxZ7ncRdzbPrtpSDJDFVGD5yyUYWbq8g-oT4E_s4jTR75a0uPGJC18ln_e_2xVXDE6peN3PL5WVFmQLlXAtCqEJndpcte0bCgT6AXiwXkwhH6CbjUq1x861ehdhdL8kYWTRVq_0M
# 美味双拼饭.jpg,https://pigkiller-011955-1319328397.cos.ap-beijing.myqcloud.com/%23%20%E7%BE%8E%E5%91%B3%E5%8F%8C%E6%8B%BC%E9%A5%AD.jpg?q-sign-algorithm=sha1&q-ak=AKIDdTLUk5dUbcj3MYoNRNIoVL3XWWallbejdPwJelGK5elgO-IScaSkrNjL9uiJhlCU&q-sign-time=1722216056;1722219656&q-key-time=1722216056;1722219656&q-header-list=&q-url-param-list=&q-signature=f94fbe68a1f3039ea1b0c07a2808107ae839fe36&x-cos-security-token=iunvr5haYQlLggDnhU1DovbRS98xdiXafb3f31ec84d1cc36e3aad71342f41f79Pd2wLw-0cQ79pdM5o2suafpY7_YdGT0qh3MHMy50mZzt2qtAYkEgzf9RCyP6cRu_fl8x8K96xliFbsJLa9PAfPq99sUu6wygWhwJowFP719CB9l_-bc1g-Mvsbq0-pCzLP5tKz7Kp8Xk2ru1sEw9PkXA9gAMWhpDaJw0sL9zluyoWv1CP-rfyzuZL1JRbLsFlIwEt1QxdszQIMLyv534saXRthExQ0UuyJlExNsIz1ydtW6hRNe19by8zSCy1ywd5X6fK7pcsNSOgftEby8eJ_9XGufa17fdU2b-OxDu9ohPwwfc59zqad8stmCOjuIv1BipkoguBxKcRDXOBlLSltfBsuodcrtoZjoT1126_C5_D92fFHr4DJJQNaYU6g41RMQ2t2uGxnHSxgl3qYG2dz0oPQuksnLNm4kHX-4S4-ywkP_1Iq1CwnoixNrLjb5ColIvfbJbOXY5hex-wniZWP4cMwKUh9kQIU1eTdlvDb2w6ZnfOUxYGkHJs4i0Ldv6JVf5b8NhMn628EWnLA5StMcDBXzWlYGmGwbj9sCfWNiMpBN-Pa6-FtuKJwLIvnx_QhicDBWOBL1Lx2TxdMGfp0LhsZJkJy6kEFqsNb7KKJUQ1b-QSM6PlRTqp6RhjnQ_qaGgVDyNQ_0RfALIeQIVTN3q-ZgdMpi3ulj-Ol2JyNPLDuYXtySoacx1EjJHmTT8nXcwCbIc7lK2Xd42SlYjI_bsqey4zk77GVoKlgCdYDPkuIA7OGYDMDuYHprgwQq6iKGDP7W9JUy8Wf3_cqvOKOtVB-RaLMDDDnuM8QRKcmFTBkwCsj8-UK2gHhwz9nSgGOj1kWS8DtIb8BMetMHNeg2ezVyJ2zBs9gYeXl8jFAjQC2hyEyJZ-_tkBaHkqB2U_RN4F6lvGCG7dOGLCKs_kjf0GNHgLc7LwaUh7-lrbYOSPqJtBUfLKNEOBd1AvYMEoA9i1lvH_X_wIEhzEut04l3tHKpc7Jngd-Dyy3VfWKqjz9B_UvoEY43LLc5oxyD6AeFQRPgpQYbh-V6amXhy3n8biN8OmHTjvJR7rWx41gKwclRjRyjdquwlKEhz0_MmcDoiKlGuMYYBV4oxKm6MYreEEaniIlQwmRMHxZ7ncRdzbPrtpSDJDFVGD5yyUYWbq8g-oT4E_s4jTR75a0uPGJC18ln_e_2xVXDE6peN3PL5WVFmQLlXAtCqEJndpcte0bCgT6AXiwXkwhH6CbjUq1x861ehdhdL8kYWTRVq_0M
# 肉夹馍.jpg,https://pigkiller-011955-1319328397.cos.ap-beijing.myqcloud.com/%23%20%E8%82%89%E5%A4%B9%E9%A6%8D.jpg?q-sign-algorithm=sha1&q-ak=AKIDdTLUk5dUbcj3MYoNRNIoVL3XWWallbejdPwJelGK5elgO-IScaSkrNjL9uiJhlCU&q-sign-time=1722216056;1722219656&q-key-time=1722216056;1722219656&q-header-list=&q-url-param-list=&q-signature=2066c91a6251bc8938fc2c0cb9e284bedf5b791c&x-cos-security-token=iunvr5haYQlLggDnhU1DovbRS98xdiXafb3f31ec84d1cc36e3aad71342f41f79Pd2wLw-0cQ79pdM5o2suafpY7_YdGT0qh3MHMy50mZzt2qtAYkEgzf9RCyP6cRu_fl8x8K96xliFbsJLa9PAfPq99sUu6wygWhwJowFP719CB9l_-bc1g-Mvsbq0-pCzLP5tKz7Kp8Xk2ru1sEw9PkXA9gAMWhpDaJw0sL9zluyoWv1CP-rfyzuZL1JRbLsFlIwEt1QxdszQIMLyv534saXRthExQ0UuyJlExNsIz1ydtW6hRNe19by8zSCy1ywd5X6fK7pcsNSOgftEby8eJ_9XGufa17fdU2b-OxDu9ohPwwfc59zqad8stmCOjuIv1BipkoguBxKcRDXOBlLSltfBsuodcrtoZjoT1126_C5_D92fFHr4DJJQNaYU6g41RMQ2t2uGxnHSxgl3qYG2dz0oPQuksnLNm4kHX-4S4-ywkP_1Iq1CwnoixNrLjb5ColIvfbJbOXY5hex-wniZWP4cMwKUh9kQIU1eTdlvDb2w6ZnfOUxYGkHJs4i0Ldv6JVf5b8NhMn628EWnLA5StMcDBXzWlYGmGwbj9sCfWNiMpBN-Pa6-FtuKJwLIvnx_QhicDBWOBL1Lx2TxdMGfp0LhsZJkJy6kEFqsNb7KKJUQ1b-QSM6PlRTqp6RhjnQ_qaGgVDyNQ_0RfALIeQIVTN3q-ZgdMpi3ulj-Ol2JyNPLDuYXtySoacx1EjJHmTT8nXcwCbIc7lK2Xd42SlYjI_bsqey4zk77GVoKlgCdYDPkuIA7OGYDMDuYHprgwQq6iKGDP7W9JUy8Wf3_cqvOKOtVB-RaLMDDDnuM8QRKcmFTBkwCsj8-UK2gHhwz9nSgGOj1kWS8DtIb8BMetMHNeg2ezVyJ2zBs9gYeXl8jFAjQC2hyEyJZ-_tkBaHkqB2U_RN4F6lvGCG7dOGLCKs_kjf0GNHgLc7LwaUh7-lrbYOSPqJtBUfLKNEOBd1AvYMEoA9i1lvH_X_wIEhzEut04l3tHKpc7Jngd-Dyy3VfWKqjz9B_UvoEY43LLc5oxyD6AeFQRPgpQYbh-V6amXhy3n8biN8OmHTjvJR7rWx41gKwclRjRyjdquwlKEhz0_MmcDoiKlGuMYYBV4oxKm6MYreEEaniIlQwmRMHxZ7ncRdzbPrtpSDJDFVGD5yyUYWbq8g-oT4E_s4jTR75a0uPGJC18ln_e_2xVXDE6peN3PL5WVFmQLlXAtCqEJndpcte0bCgT6AXiwXkwhH6CbjUq1x861ehdhdL8kYWTRVq_0M
# 茶树菇牛肉.jpg,https://pigkiller-011955-1319328397.cos.ap-beijing.myqcloud.com/%23%20%E8%8C%B6%E6%A0%91%E8%8F%87%E7%89%9B%E8%82%89.jpg?q-sign-algorithm=sha1&q-ak=AKIDdTLUk5dUbcj3MYoNRNIoVL3XWWallbejdPwJelGK5elgO-IScaSkrNjL9uiJhlCU&q-sign-time=1722216056;1722219656&q-key-time=1722216056;1722219656&q-header-list=&q-url-param-list=&q-signature=fa2d9de1c0805970c851bf9a7c1fb16541df0a10&x-cos-security-token=iunvr5haYQlLggDnhU1DovbRS98xdiXafb3f31ec84d1cc36e3aad71342f41f79Pd2wLw-0cQ79pdM5o2suafpY7_YdGT0qh3MHMy50mZzt2qtAYkEgzf9RCyP6cRu_fl8x8K96xliFbsJLa9PAfPq99sUu6wygWhwJowFP719CB9l_-bc1g-Mvsbq0-pCzLP5tKz7Kp8Xk2ru1sEw9PkXA9gAMWhpDaJw0sL9zluyoWv1CP-rfyzuZL1JRbLsFlIwEt1QxdszQIMLyv534saXRthExQ0UuyJlExNsIz1ydtW6hRNe19by8zSCy1ywd5X6fK7pcsNSOgftEby8eJ_9XGufa17fdU2b-OxDu9ohPwwfc59zqad8stmCOjuIv1BipkoguBxKcRDXOBlLSltfBsuodcrtoZjoT1126_C5_D92fFHr4DJJQNaYU6g41RMQ2t2uGxnHSxgl3qYG2dz0oPQuksnLNm4kHX-4S4-ywkP_1Iq1CwnoixNrLjb5ColIvfbJbOXY5hex-wniZWP4cMwKUh9kQIU1eTdlvDb2w6ZnfOUxYGkHJs4i0Ldv6JVf5b8NhMn628EWnLA5StMcDBXzWlYGmGwbj9sCfWNiMpBN-Pa6-FtuKJwLIvnx_QhicDBWOBL1Lx2TxdMGfp0LhsZJkJy6kEFqsNb7KKJUQ1b-QSM6PlRTqp6RhjnQ_qaGgVDyNQ_0RfALIeQIVTN3q-ZgdMpi3ulj-Ol2JyNPLDuYXtySoacx1EjJHmTT8nXcwCbIc7lK2Xd42SlYjI_bsqey4zk77GVoKlgCdYDPkuIA7OGYDMDuYHprgwQq6iKGDP7W9JUy8Wf3_cqvOKOtVB-RaLMDDDnuM8QRKcmFTBkwCsj8-UK2gHhwz9nSgGOj1kWS8DtIb8BMetMHNeg2ezVyJ2zBs9gYeXl8jFAjQC2hyEyJZ-_tkBaHkqB2U_RN4F6lvGCG7dOGLCKs_kjf0GNHgLc7LwaUh7-lrbYOSPqJtBUfLKNEOBd1AvYMEoA9i1lvH_X_wIEhzEut04l3tHKpc7Jngd-Dyy3VfWKqjz9B_UvoEY43LLc5oxyD6AeFQRPgpQYbh-V6amXhy3n8biN8OmHTjvJR7rWx41gKwclRjRyjdquwlKEhz0_MmcDoiKlGuMYYBV4oxKm6MYreEEaniIlQwmRMHxZ7ncRdzbPrtpSDJDFVGD5yyUYWbq8g-oT4E_s4jTR75a0uPGJC18ln_e_2xVXDE6peN3PL5WVFmQLlXAtCqEJndpcte0bCgT6AXiwXkwhH6CbjUq1x861ehdhdL8kYWTRVq_0M
# 蒜蓉虾.jpg,https://pigkiller-011955-1319328397.cos.ap-beijing.myqcloud.com/%23%20%E8%92%9C%E8%93%89%E8%99%BE.jpg?q-sign-algorithm=sha1&q-ak=AKIDdTLUk5dUbcj3MYoNRNIoVL3XWWallbejdPwJelGK5elgO-IScaSkrNjL9uiJhlCU&q-sign-time=1722216056;1722219656&q-key-time=1722216056;1722219656&q-header-list=&q-url-param-list=&q-signature=0a8ee885bc437151c660b67722a90991f91dc137&x-cos-security-token=iunvr5haYQlLggDnhU1DovbRS98xdiXafb3f31ec84d1cc36e3aad71342f41f79Pd2wLw-0cQ79pdM5o2suafpY7_YdGT0qh3MHMy50mZzt2qtAYkEgzf9RCyP6cRu_fl8x8K96xliFbsJLa9PAfPq99sUu6wygWhwJowFP719CB9l_-bc1g-Mvsbq0-pCzLP5tKz7Kp8Xk2ru1sEw9PkXA9gAMWhpDaJw0sL9zluyoWv1CP-rfyzuZL1JRbLsFlIwEt1QxdszQIMLyv534saXRthExQ0UuyJlExNsIz1ydtW6hRNe19by8zSCy1ywd5X6fK7pcsNSOgftEby8eJ_9XGufa17fdU2b-OxDu9ohPwwfc59zqad8stmCOjuIv1BipkoguBxKcRDXOBlLSltfBsuodcrtoZjoT1126_C5_D92fFHr4DJJQNaYU6g41RMQ2t2uGxnHSxgl3qYG2dz0oPQuksnLNm4kHX-4S4-ywkP_1Iq1CwnoixNrLjb5ColIvfbJbOXY5hex-wniZWP4cMwKUh9kQIU1eTdlvDb2w6ZnfOUxYGkHJs4i0Ldv6JVf5b8NhMn628EWnLA5StMcDBXzWlYGmGwbj9sCfWNiMpBN-Pa6-FtuKJwLIvnx_QhicDBWOBL1Lx2TxdMGfp0LhsZJkJy6kEFqsNb7KKJUQ1b-QSM6PlRTqp6RhjnQ_qaGgVDyNQ_0RfALIeQIVTN3q-ZgdMpi3ulj-Ol2JyNPLDuYXtySoacx1EjJHmTT8nXcwCbIc7lK2Xd42SlYjI_bsqey4zk77GVoKlgCdYDPkuIA7OGYDMDuYHprgwQq6iKGDP7W9JUy8Wf3_cqvOKOtVB-RaLMDDDnuM8QRKcmFTBkwCsj8-UK2gHhwz9nSgGOj1kWS8DtIb8BMetMHNeg2ezVyJ2zBs9gYeXl8jFAjQC2hyEyJZ-_tkBaHkqB2U_RN4F6lvGCG7dOGLCKs_kjf0GNHgLc7LwaUh7-lrbYOSPqJtBUfLKNEOBd1AvYMEoA9i1lvH_X_wIEhzEut04l3tHKpc7Jngd-Dyy3VfWKqjz9B_UvoEY43LLc5oxyD6AeFQRPgpQYbh-V6amXhy3n8biN8OmHTjvJR7rWx41gKwclRjRyjdquwlKEhz0_MmcDoiKlGuMYYBV4oxKm6MYreEEaniIlQwmRMHxZ7ncRdzbPrtpSDJDFVGD5yyUYWbq8g-oT4E_s4jTR75a0uPGJC18ln_e_2xVXDE6peN3PL5WVFmQLlXAtCqEJndpcte0bCgT6AXiwXkwhH6CbjUq1x861ehdhdL8kYWTRVq_0M
# 藤椒鸡煲.jpg,https://pigkiller-011955-1319328397.cos.ap-beijing.myqcloud.com/%23%20%E8%97%A4%E6%A4%92%E9%B8%A1%E7%85%B2.jpg?q-sign-algorithm=sha1&q-ak=AKIDdTLUk5dUbcj3MYoNRNIoVL3XWWallbejdPwJelGK5elgO-IScaSkrNjL9uiJhlCU&q-sign-time=1722216056;1722219656&q-key-time=1722216056;1722219656&q-header-list=&q-url-param-list=&q-signature=8adc050797b609df17fd765044305da5d0bff133&x-cos-security-token=iunvr5haYQlLggDnhU1DovbRS98xdiXafb3f31ec84d1cc36e3aad71342f41f79Pd2wLw-0cQ79pdM5o2suafpY7_YdGT0qh3MHMy50mZzt2qtAYkEgzf9RCyP6cRu_fl8x8K96xliFbsJLa9PAfPq99sUu6wygWhwJowFP719CB9l_-bc1g-Mvsbq0-pCzLP5tKz7Kp8Xk2ru1sEw9PkXA9gAMWhpDaJw0sL9zluyoWv1CP-rfyzuZL1JRbLsFlIwEt1QxdszQIMLyv534saXRthExQ0UuyJlExNsIz1ydtW6hRNe19by8zSCy1ywd5X6fK7pcsNSOgftEby8eJ_9XGufa17fdU2b-OxDu9ohPwwfc59zqad8stmCOjuIv1BipkoguBxKcRDXOBlLSltfBsuodcrtoZjoT1126_C5_D92fFHr4DJJQNaYU6g41RMQ2t2uGxnHSxgl3qYG2dz0oPQuksnLNm4kHX-4S4-ywkP_1Iq1CwnoixNrLjb5ColIvfbJbOXY5hex-wniZWP4cMwKUh9kQIU1eTdlvDb2w6ZnfOUxYGkHJs4i0Ldv6JVf5b8NhMn628EWnLA5StMcDBXzWlYGmGwbj9sCfWNiMpBN-Pa6-FtuKJwLIvnx_QhicDBWOBL1Lx2TxdMGfp0LhsZJkJy6kEFqsNb7KKJUQ1b-QSM6PlRTqp6RhjnQ_qaGgVDyNQ_0RfALIeQIVTN3q-ZgdMpi3ulj-Ol2JyNPLDuYXtySoacx1EjJHmTT8nXcwCbIc7lK2Xd42SlYjI_bsqey4zk77GVoKlgCdYDPkuIA7OGYDMDuYHprgwQq6iKGDP7W9JUy8Wf3_cqvOKOtVB-RaLMDDDnuM8QRKcmFTBkwCsj8-UK2gHhwz9nSgGOj1kWS8DtIb8BMetMHNeg2ezVyJ2zBs9gYeXl8jFAjQC2hyEyJZ-_tkBaHkqB2U_RN4F6lvGCG7dOGLCKs_kjf0GNHgLc7LwaUh7-lrbYOSPqJtBUfLKNEOBd1AvYMEoA9i1lvH_X_wIEhzEut04l3tHKpc7Jngd-Dyy3VfWKqjz9B_UvoEY43LLc5oxyD6AeFQRPgpQYbh-V6amXhy3n8biN8OmHTjvJR7rWx41gKwclRjRyjdquwlKEhz0_MmcDoiKlGuMYYBV4oxKm6MYreEEaniIlQwmRMHxZ7ncRdzbPrtpSDJDFVGD5yyUYWbq8g-oT4E_s4jTR75a0uPGJC18ln_e_2xVXDE6peN3PL5WVFmQLlXAtCqEJndpcte0bCgT6AXiwXkwhH6CbjUq1x861ehdhdL8kYWTRVq_0M
# 虾仁拌饭.jpg,https://pigkiller-011955-1319328397.cos.ap-beijing.myqcloud.com/%23%20%E8%99%BE%E4%BB%81%E6%8B%8C%E9%A5%AD.jpg?q-sign-algorithm=sha1&q-ak=AKIDdTLUk5dUbcj3MYoNRNIoVL3XWWallbejdPwJelGK5elgO-IScaSkrNjL9uiJhlCU&q-sign-time=1722216056;1722219656&q-key-time=1722216056;1722219656&q-header-list=&q-url-param-list=&q-signature=fe05e9464bbd89204f90fc3eeab0ee59f3116fbb&x-cos-security-token=iunvr5haYQlLggDnhU1DovbRS98xdiXafb3f31ec84d1cc36e3aad71342f41f79Pd2wLw-0cQ79pdM5o2suafpY7_YdGT0qh3MHMy50mZzt2qtAYkEgzf9RCyP6cRu_fl8x8K96xliFbsJLa9PAfPq99sUu6wygWhwJowFP719CB9l_-bc1g-Mvsbq0-pCzLP5tKz7Kp8Xk2ru1sEw9PkXA9gAMWhpDaJw0sL9zluyoWv1CP-rfyzuZL1JRbLsFlIwEt1QxdszQIMLyv534saXRthExQ0UuyJlExNsIz1ydtW6hRNe19by8zSCy1ywd5X6fK7pcsNSOgftEby8eJ_9XGufa17fdU2b-OxDu9ohPwwfc59zqad8stmCOjuIv1BipkoguBxKcRDXOBlLSltfBsuodcrtoZjoT1126_C5_D92fFHr4DJJQNaYU6g41RMQ2t2uGxnHSxgl3qYG2dz0oPQuksnLNm4kHX-4S4-ywkP_1Iq1CwnoixNrLjb5ColIvfbJbOXY5hex-wniZWP4cMwKUh9kQIU1eTdlvDb2w6ZnfOUxYGkHJs4i0Ldv6JVf5b8NhMn628EWnLA5StMcDBXzWlYGmGwbj9sCfWNiMpBN-Pa6-FtuKJwLIvnx_QhicDBWOBL1Lx2TxdMGfp0LhsZJkJy6kEFqsNb7KKJUQ1b-QSM6PlRTqp6RhjnQ_qaGgVDyNQ_0RfALIeQIVTN3q-ZgdMpi3ulj-Ol2JyNPLDuYXtySoacx1EjJHmTT8nXcwCbIc7lK2Xd42SlYjI_bsqey4zk77GVoKlgCdYDPkuIA7OGYDMDuYHprgwQq6iKGDP7W9JUy8Wf3_cqvOKOtVB-RaLMDDDnuM8QRKcmFTBkwCsj8-UK2gHhwz9nSgGOj1kWS8DtIb8BMetMHNeg2ezVyJ2zBs9gYeXl8jFAjQC2hyEyJZ-_tkBaHkqB2U_RN4F6lvGCG7dOGLCKs_kjf0GNHgLc7LwaUh7-lrbYOSPqJtBUfLKNEOBd1AvYMEoA9i1lvH_X_wIEhzEut04l3tHKpc7Jngd-Dyy3VfWKqjz9B_UvoEY43LLc5oxyD6AeFQRPgpQYbh-V6amXhy3n8biN8OmHTjvJR7rWx41gKwclRjRyjdquwlKEhz0_MmcDoiKlGuMYYBV4oxKm6MYreEEaniIlQwmRMHxZ7ncRdzbPrtpSDJDFVGD5yyUYWbq8g-oT4E_s4jTR75a0uPGJC18ln_e_2xVXDE6peN3PL5WVFmQLlXAtCqEJndpcte0bCgT6AXiwXkwhH6CbjUq1x861ehdhdL8kYWTRVq_0M
# 豉香巴沙鱼套餐.jpg,https://pigkiller-011955-1319328397.cos.ap-beijing.myqcloud.com/%23%20%E8%B1%89%E9%A6%99%E5%B7%B4%E6%B2%99%E9%B1%BC%E5%A5%97%E9%A4%90.jpg?q-sign-algorithm=sha1&q-ak=AKIDdTLUk5dUbcj3MYoNRNIoVL3XWWallbejdPwJelGK5elgO-IScaSkrNjL9uiJhlCU&q-sign-time=1722216056;1722219656&q-key-time=1722216056;1722219656&q-header-list=&q-url-param-list=&q-signature=b88ff5cae5e0b71de37267e0d797185640378cc9&x-cos-security-token=iunvr5haYQlLggDnhU1DovbRS98xdiXafb3f31ec84d1cc36e3aad71342f41f79Pd2wLw-0cQ79pdM5o2suafpY7_YdGT0qh3MHMy50mZzt2qtAYkEgzf9RCyP6cRu_fl8x8K96xliFbsJLa9PAfPq99sUu6wygWhwJowFP719CB9l_-bc1g-Mvsbq0-pCzLP5tKz7Kp8Xk2ru1sEw9PkXA9gAMWhpDaJw0sL9zluyoWv1CP-rfyzuZL1JRbLsFlIwEt1QxdszQIMLyv534saXRthExQ0UuyJlExNsIz1ydtW6hRNe19by8zSCy1ywd5X6fK7pcsNSOgftEby8eJ_9XGufa17fdU2b-OxDu9ohPwwfc59zqad8stmCOjuIv1BipkoguBxKcRDXOBlLSltfBsuodcrtoZjoT1126_C5_D92fFHr4DJJQNaYU6g41RMQ2t2uGxnHSxgl3qYG2dz0oPQuksnLNm4kHX-4S4-ywkP_1Iq1CwnoixNrLjb5ColIvfbJbOXY5hex-wniZWP4cMwKUh9kQIU1eTdlvDb2w6ZnfOUxYGkHJs4i0Ldv6JVf5b8NhMn628EWnLA5StMcDBXzWlYGmGwbj9sCfWNiMpBN-Pa6-FtuKJwLIvnx_QhicDBWOBL1Lx2TxdMGfp0LhsZJkJy6kEFqsNb7KKJUQ1b-QSM6PlRTqp6RhjnQ_qaGgVDyNQ_0RfALIeQIVTN3q-ZgdMpi3ulj-Ol2JyNPLDuYXtySoacx1EjJHmTT8nXcwCbIc7lK2Xd42SlYjI_bsqey4zk77GVoKlgCdYDPkuIA7OGYDMDuYHprgwQq6iKGDP7W9JUy8Wf3_cqvOKOtVB-RaLMDDDnuM8QRKcmFTBkwCsj8-UK2gHhwz9nSgGOj1kWS8DtIb8BMetMHNeg2ezVyJ2zBs9gYeXl8jFAjQC2hyEyJZ-_tkBaHkqB2U_RN4F6lvGCG7dOGLCKs_kjf0GNHgLc7LwaUh7-lrbYOSPqJtBUfLKNEOBd1AvYMEoA9i1lvH_X_wIEhzEut04l3tHKpc7Jngd-Dyy3VfWKqjz9B_UvoEY43LLc5oxyD6AeFQRPgpQYbh-V6amXhy3n8biN8OmHTjvJR7rWx41gKwclRjRyjdquwlKEhz0_MmcDoiKlGuMYYBV4oxKm6MYreEEaniIlQwmRMHxZ7ncRdzbPrtpSDJDFVGD5yyUYWbq8g-oT4E_s4jTR75a0uPGJC18ln_e_2xVXDE6peN3PL5WVFmQLlXAtCqEJndpcte0bCgT6AXiwXkwhH6CbjUq1x861ehdhdL8kYWTRVq_0M
# 过油肉拌面.jpg,https://pigkiller-011955-1319328397.cos.ap-beijing.myqcloud.com/%23%20%E8%BF%87%E6%B2%B9%E8%82%89%E6%8B%8C%E9%9D%A2.jpg?q-sign-algorithm=sha1&q-ak=AKIDdTLUk5dUbcj3MYoNRNIoVL3XWWallbejdPwJelGK5elgO-IScaSkrNjL9uiJhlCU&q-sign-time=1722216056;1722219656&q-key-time=1722216056;1722219656&q-header-list=&q-url-param-list=&q-signature=f1efa2a69033d26d7ead3a32a6a9f207a70ca0c1&x-cos-security-token=iunvr5haYQlLggDnhU1DovbRS98xdiXafb3f31ec84d1cc36e3aad71342f41f79Pd2wLw-0cQ79pdM5o2suafpY7_YdGT0qh3MHMy50mZzt2qtAYkEgzf9RCyP6cRu_fl8x8K96xliFbsJLa9PAfPq99sUu6wygWhwJowFP719CB9l_-bc1g-Mvsbq0-pCzLP5tKz7Kp8Xk2ru1sEw9PkXA9gAMWhpDaJw0sL9zluyoWv1CP-rfyzuZL1JRbLsFlIwEt1QxdszQIMLyv534saXRthExQ0UuyJlExNsIz1ydtW6hRNe19by8zSCy1ywd5X6fK7pcsNSOgftEby8eJ_9XGufa17fdU2b-OxDu9ohPwwfc59zqad8stmCOjuIv1BipkoguBxKcRDXOBlLSltfBsuodcrtoZjoT1126_C5_D92fFHr4DJJQNaYU6g41RMQ2t2uGxnHSxgl3qYG2dz0oPQuksnLNm4kHX-4S4-ywkP_1Iq1CwnoixNrLjb5ColIvfbJbOXY5hex-wniZWP4cMwKUh9kQIU1eTdlvDb2w6ZnfOUxYGkHJs4i0Ldv6JVf5b8NhMn628EWnLA5StMcDBXzWlYGmGwbj9sCfWNiMpBN-Pa6-FtuKJwLIvnx_QhicDBWOBL1Lx2TxdMGfp0LhsZJkJy6kEFqsNb7KKJUQ1b-QSM6PlRTqp6RhjnQ_qaGgVDyNQ_0RfALIeQIVTN3q-ZgdMpi3ulj-Ol2JyNPLDuYXtySoacx1EjJHmTT8nXcwCbIc7lK2Xd42SlYjI_bsqey4zk77GVoKlgCdYDPkuIA7OGYDMDuYHprgwQq6iKGDP7W9JUy8Wf3_cqvOKOtVB-RaLMDDDnuM8QRKcmFTBkwCsj8-UK2gHhwz9nSgGOj1kWS8DtIb8BMetMHNeg2ezVyJ2zBs9gYeXl8jFAjQC2hyEyJZ-_tkBaHkqB2U_RN4F6lvGCG7dOGLCKs_kjf0GNHgLc7LwaUh7-lrbYOSPqJtBUfLKNEOBd1AvYMEoA9i1lvH_X_wIEhzEut04l3tHKpc7Jngd-Dyy3VfWKqjz9B_UvoEY43LLc5oxyD6AeFQRPgpQYbh-V6amXhy3n8biN8OmHTjvJR7rWx41gKwclRjRyjdquwlKEhz0_MmcDoiKlGuMYYBV4oxKm6MYreEEaniIlQwmRMHxZ7ncRdzbPrtpSDJDFVGD5yyUYWbq8g-oT4E_s4jTR75a0uPGJC18ln_e_2xVXDE6peN3PL5WVFmQLlXAtCqEJndpcte0bCgT6AXiwXkwhH6CbjUq1x861ehdhdL8kYWTRVq_0M
# 避风塘狼牙土豆.jpg,https://pigkiller-011955-1319328397.cos.ap-beijing.myqcloud.com/%23%20%E9%81%BF%E9%A3%8E%E5%A1%98%E7%8B%BC%E7%89%99%E5%9C%9F%E8%B1%86.jpg?q-sign-algorithm=sha1&q-ak=AKIDdTLUk5dUbcj3MYoNRNIoVL3XWWallbejdPwJelGK5elgO-IScaSkrNjL9uiJhlCU&q-sign-time=1722216056;1722219656&q-key-time=1722216056;1722219656&q-header-list=&q-url-param-list=&q-signature=6df891b40ab7abd718575f43e8078f8feefe71d4&x-cos-security-token=iunvr5haYQlLggDnhU1DovbRS98xdiXafb3f31ec84d1cc36e3aad71342f41f79Pd2wLw-0cQ79pdM5o2suafpY7_YdGT0qh3MHMy50mZzt2qtAYkEgzf9RCyP6cRu_fl8x8K96xliFbsJLa9PAfPq99sUu6wygWhwJowFP719CB9l_-bc1g-Mvsbq0-pCzLP5tKz7Kp8Xk2ru1sEw9PkXA9gAMWhpDaJw0sL9zluyoWv1CP-rfyzuZL1JRbLsFlIwEt1QxdszQIMLyv534saXRthExQ0UuyJlExNsIz1ydtW6hRNe19by8zSCy1ywd5X6fK7pcsNSOgftEby8eJ_9XGufa17fdU2b-OxDu9ohPwwfc59zqad8stmCOjuIv1BipkoguBxKcRDXOBlLSltfBsuodcrtoZjoT1126_C5_D92fFHr4DJJQNaYU6g41RMQ2t2uGxnHSxgl3qYG2dz0oPQuksnLNm4kHX-4S4-ywkP_1Iq1CwnoixNrLjb5ColIvfbJbOXY5hex-wniZWP4cMwKUh9kQIU1eTdlvDb2w6ZnfOUxYGkHJs4i0Ldv6JVf5b8NhMn628EWnLA5StMcDBXzWlYGmGwbj9sCfWNiMpBN-Pa6-FtuKJwLIvnx_QhicDBWOBL1Lx2TxdMGfp0LhsZJkJy6kEFqsNb7KKJUQ1b-QSM6PlRTqp6RhjnQ_qaGgVDyNQ_0RfALIeQIVTN3q-ZgdMpi3ulj-Ol2JyNPLDuYXtySoacx1EjJHmTT8nXcwCbIc7lK2Xd42SlYjI_bsqey4zk77GVoKlgCdYDPkuIA7OGYDMDuYHprgwQq6iKGDP7W9JUy8Wf3_cqvOKOtVB-RaLMDDDnuM8QRKcmFTBkwCsj8-UK2gHhwz9nSgGOj1kWS8DtIb8BMetMHNeg2ezVyJ2zBs9gYeXl8jFAjQC2hyEyJZ-_tkBaHkqB2U_RN4F6lvGCG7dOGLCKs_kjf0GNHgLc7LwaUh7-lrbYOSPqJtBUfLKNEOBd1AvYMEoA9i1lvH_X_wIEhzEut04l3tHKpc7Jngd-Dyy3VfWKqjz9B_UvoEY43LLc5oxyD6AeFQRPgpQYbh-V6amXhy3n8biN8OmHTjvJR7rWx41gKwclRjRyjdquwlKEhz0_MmcDoiKlGuMYYBV4oxKm6MYreEEaniIlQwmRMHxZ7ncRdzbPrtpSDJDFVGD5yyUYWbq8g-oT4E_s4jTR75a0uPGJC18ln_e_2xVXDE6peN3PL5WVFmQLlXAtCqEJndpcte0bCgT6AXiwXkwhH6CbjUq1x861ehdhdL8kYWTRVq_0M
# 金汤豆花鱼.jpg,https://pigkiller-011955-1319328397.cos.ap-beijing.myqcloud.com/%23%20%E9%87%91%E6%B1%A4%E8%B1%86%E8%8A%B1%E9%B1%BC.jpg?q-sign-algorithm=sha1&q-ak=AKIDdTLUk5dUbcj3MYoNRNIoVL3XWWallbejdPwJelGK5elgO-IScaSkrNjL9uiJhlCU&q-sign-time=1722216056;1722219656&q-key-time=1722216056;1722219656&q-header-list=&q-url-param-list=&q-signature=e20adbcbf0e530c8ed6f8cf92181fcf8e1120069&x-cos-security-token=iunvr5haYQlLggDnhU1DovbRS98xdiXafb3f31ec84d1cc36e3aad71342f41f79Pd2wLw-0cQ79pdM5o2suafpY7_YdGT0qh3MHMy50mZzt2qtAYkEgzf9RCyP6cRu_fl8x8K96xliFbsJLa9PAfPq99sUu6wygWhwJowFP719CB9l_-bc1g-Mvsbq0-pCzLP5tKz7Kp8Xk2ru1sEw9PkXA9gAMWhpDaJw0sL9zluyoWv1CP-rfyzuZL1JRbLsFlIwEt1QxdszQIMLyv534saXRthExQ0UuyJlExNsIz1ydtW6hRNe19by8zSCy1ywd5X6fK7pcsNSOgftEby8eJ_9XGufa17fdU2b-OxDu9ohPwwfc59zqad8stmCOjuIv1BipkoguBxKcRDXOBlLSltfBsuodcrtoZjoT1126_C5_D92fFHr4DJJQNaYU6g41RMQ2t2uGxnHSxgl3qYG2dz0oPQuksnLNm4kHX-4S4-ywkP_1Iq1CwnoixNrLjb5ColIvfbJbOXY5hex-wniZWP4cMwKUh9kQIU1eTdlvDb2w6ZnfOUxYGkHJs4i0Ldv6JVf5b8NhMn628EWnLA5StMcDBXzWlYGmGwbj9sCfWNiMpBN-Pa6-FtuKJwLIvnx_QhicDBWOBL1Lx2TxdMGfp0LhsZJkJy6kEFqsNb7KKJUQ1b-QSM6PlRTqp6RhjnQ_qaGgVDyNQ_0RfALIeQIVTN3q-ZgdMpi3ulj-Ol2JyNPLDuYXtySoacx1EjJHmTT8nXcwCbIc7lK2Xd42SlYjI_bsqey4zk77GVoKlgCdYDPkuIA7OGYDMDuYHprgwQq6iKGDP7W9JUy8Wf3_cqvOKOtVB-RaLMDDDnuM8QRKcmFTBkwCsj8-UK2gHhwz9nSgGOj1kWS8DtIb8BMetMHNeg2ezVyJ2zBs9gYeXl8jFAjQC2hyEyJZ-_tkBaHkqB2U_RN4F6lvGCG7dOGLCKs_kjf0GNHgLc7LwaUh7-lrbYOSPqJtBUfLKNEOBd1AvYMEoA9i1lvH_X_wIEhzEut04l3tHKpc7Jngd-Dyy3VfWKqjz9B_UvoEY43LLc5oxyD6AeFQRPgpQYbh-V6amXhy3n8biN8OmHTjvJR7rWx41gKwclRjRyjdquwlKEhz0_MmcDoiKlGuMYYBV4oxKm6MYreEEaniIlQwmRMHxZ7ncRdzbPrtpSDJDFVGD5yyUYWbq8g-oT4E_s4jTR75a0uPGJC18ln_e_2xVXDE6peN3PL5WVFmQLlXAtCqEJndpcte0bCgT6AXiwXkwhH6CbjUq1x861ehdhdL8kYWTRVq_0M
# 铁板系列.jpg,https://pigkiller-011955-1319328397.cos.ap-beijing.myqcloud.com/%23%20%E9%93%81%E6%9D%BF%E7%B3%BB%E5%88%97.jpg?q-sign-algorithm=sha1&q-ak=AKIDdTLUk5dUbcj3MYoNRNIoVL3XWWallbejdPwJelGK5elgO-IScaSkrNjL9uiJhlCU&q-sign-time=1722216056;1722219656&q-key-time=1722216056;1722219656&q-header-list=&q-url-param-list=&q-signature=4a4ddf220cb351725f75e88b79b0ea6d71acd29a&x-cos-security-token=iunvr5haYQlLggDnhU1DovbRS98xdiXafb3f31ec84d1cc36e3aad71342f41f79Pd2wLw-0cQ79pdM5o2suafpY7_YdGT0qh3MHMy50mZzt2qtAYkEgzf9RCyP6cRu_fl8x8K96xliFbsJLa9PAfPq99sUu6wygWhwJowFP719CB9l_-bc1g-Mvsbq0-pCzLP5tKz7Kp8Xk2ru1sEw9PkXA9gAMWhpDaJw0sL9zluyoWv1CP-rfyzuZL1JRbLsFlIwEt1QxdszQIMLyv534saXRthExQ0UuyJlExNsIz1ydtW6hRNe19by8zSCy1ywd5X6fK7pcsNSOgftEby8eJ_9XGufa17fdU2b-OxDu9ohPwwfc59zqad8stmCOjuIv1BipkoguBxKcRDXOBlLSltfBsuodcrtoZjoT1126_C5_D92fFHr4DJJQNaYU6g41RMQ2t2uGxnHSxgl3qYG2dz0oPQuksnLNm4kHX-4S4-ywkP_1Iq1CwnoixNrLjb5ColIvfbJbOXY5hex-wniZWP4cMwKUh9kQIU1eTdlvDb2w6ZnfOUxYGkHJs4i0Ldv6JVf5b8NhMn628EWnLA5StMcDBXzWlYGmGwbj9sCfWNiMpBN-Pa6-FtuKJwLIvnx_QhicDBWOBL1Lx2TxdMGfp0LhsZJkJy6kEFqsNb7KKJUQ1b-QSM6PlRTqp6RhjnQ_qaGgVDyNQ_0RfALIeQIVTN3q-ZgdMpi3ulj-Ol2JyNPLDuYXtySoacx1EjJHmTT8nXcwCbIc7lK2Xd42SlYjI_bsqey4zk77GVoKlgCdYDPkuIA7OGYDMDuYHprgwQq6iKGDP7W9JUy8Wf3_cqvOKOtVB-RaLMDDDnuM8QRKcmFTBkwCsj8-UK2gHhwz9nSgGOj1kWS8DtIb8BMetMHNeg2ezVyJ2zBs9gYeXl8jFAjQC2hyEyJZ-_tkBaHkqB2U_RN4F6lvGCG7dOGLCKs_kjf0GNHgLc7LwaUh7-lrbYOSPqJtBUfLKNEOBd1AvYMEoA9i1lvH_X_wIEhzEut04l3tHKpc7Jngd-Dyy3VfWKqjz9B_UvoEY43LLc5oxyD6AeFQRPgpQYbh-V6amXhy3n8biN8OmHTjvJR7rWx41gKwclRjRyjdquwlKEhz0_MmcDoiKlGuMYYBV4oxKm6MYreEEaniIlQwmRMHxZ7ncRdzbPrtpSDJDFVGD5yyUYWbq8g-oT4E_s4jTR75a0uPGJC18ln_e_2xVXDE6peN3PL5WVFmQLlXAtCqEJndpcte0bCgT6AXiwXkwhH6CbjUq1x861ehdhdL8kYWTRVq_0M
# 铁板腊肠饭.jpg,https://pigkiller-011955-1319328397.cos.ap-beijing.myqcloud.com/%23%20%E9%93%81%E6%9D%BF%E8%85%8A%E8%82%A0%E9%A5%AD.jpg?q-sign-algorithm=sha1&q-ak=AKIDdTLUk5dUbcj3MYoNRNIoVL3XWWallbejdPwJelGK5elgO-IScaSkrNjL9uiJhlCU&q-sign-time=1722216056;1722219656&q-key-time=1722216056;1722219656&q-header-list=&q-url-param-list=&q-signature=f73465011d4b5bf1f1f117a37bd1d3baab03bf21&x-cos-security-token=iunvr5haYQlLggDnhU1DovbRS98xdiXafb3f31ec84d1cc36e3aad71342f41f79Pd2wLw-0cQ79pdM5o2suafpY7_YdGT0qh3MHMy50mZzt2qtAYkEgzf9RCyP6cRu_fl8x8K96xliFbsJLa9PAfPq99sUu6wygWhwJowFP719CB9l_-bc1g-Mvsbq0-pCzLP5tKz7Kp8Xk2ru1sEw9PkXA9gAMWhpDaJw0sL9zluyoWv1CP-rfyzuZL1JRbLsFlIwEt1QxdszQIMLyv534saXRthExQ0UuyJlExNsIz1ydtW6hRNe19by8zSCy1ywd5X6fK7pcsNSOgftEby8eJ_9XGufa17fdU2b-OxDu9ohPwwfc59zqad8stmCOjuIv1BipkoguBxKcRDXOBlLSltfBsuodcrtoZjoT1126_C5_D92fFHr4DJJQNaYU6g41RMQ2t2uGxnHSxgl3qYG2dz0oPQuksnLNm4kHX-4S4-ywkP_1Iq1CwnoixNrLjb5ColIvfbJbOXY5hex-wniZWP4cMwKUh9kQIU1eTdlvDb2w6ZnfOUxYGkHJs4i0Ldv6JVf5b8NhMn628EWnLA5StMcDBXzWlYGmGwbj9sCfWNiMpBN-Pa6-FtuKJwLIvnx_QhicDBWOBL1Lx2TxdMGfp0LhsZJkJy6kEFqsNb7KKJUQ1b-QSM6PlRTqp6RhjnQ_qaGgVDyNQ_0RfALIeQIVTN3q-ZgdMpi3ulj-Ol2JyNPLDuYXtySoacx1EjJHmTT8nXcwCbIc7lK2Xd42SlYjI_bsqey4zk77GVoKlgCdYDPkuIA7OGYDMDuYHprgwQq6iKGDP7W9JUy8Wf3_cqvOKOtVB-RaLMDDDnuM8QRKcmFTBkwCsj8-UK2gHhwz9nSgGOj1kWS8DtIb8BMetMHNeg2ezVyJ2zBs9gYeXl8jFAjQC2hyEyJZ-_tkBaHkqB2U_RN4F6lvGCG7dOGLCKs_kjf0GNHgLc7LwaUh7-lrbYOSPqJtBUfLKNEOBd1AvYMEoA9i1lvH_X_wIEhzEut04l3tHKpc7Jngd-Dyy3VfWKqjz9B_UvoEY43LLc5oxyD6AeFQRPgpQYbh-V6amXhy3n8biN8OmHTjvJR7rWx41gKwclRjRyjdquwlKEhz0_MmcDoiKlGuMYYBV4oxKm6MYreEEaniIlQwmRMHxZ7ncRdzbPrtpSDJDFVGD5yyUYWbq8g-oT4E_s4jTR75a0uPGJC18ln_e_2xVXDE6peN3PL5WVFmQLlXAtCqEJndpcte0bCgT6AXiwXkwhH6CbjUq1x861ehdhdL8kYWTRVq_0M
# 锡纸羊肉.jpg,https://pigkiller-011955-1319328397.cos.ap-beijing.myqcloud.com/%23%20%E9%94%A1%E7%BA%B8%E7%BE%8A%E8%82%89.jpg?q-sign-algorithm=sha1&q-ak=AKIDdTLUk5dUbcj3MYoNRNIoVL3XWWallbejdPwJelGK5elgO-IScaSkrNjL9uiJhlCU&q-sign-time=1722216056;1722219656&q-key-time=1722216056;1722219656&q-header-list=&q-url-param-list=&q-signature=52a06b745d195b7509b8fd81eac2c10ddb83d907&x-cos-security-token=iunvr5haYQlLggDnhU1DovbRS98xdiXafb3f31ec84d1cc36e3aad71342f41f79Pd2wLw-0cQ79pdM5o2suafpY7_YdGT0qh3MHMy50mZzt2qtAYkEgzf9RCyP6cRu_fl8x8K96xliFbsJLa9PAfPq99sUu6wygWhwJowFP719CB9l_-bc1g-Mvsbq0-pCzLP5tKz7Kp8Xk2ru1sEw9PkXA9gAMWhpDaJw0sL9zluyoWv1CP-rfyzuZL1JRbLsFlIwEt1QxdszQIMLyv534saXRthExQ0UuyJlExNsIz1ydtW6hRNe19by8zSCy1ywd5X6fK7pcsNSOgftEby8eJ_9XGufa17fdU2b-OxDu9ohPwwfc59zqad8stmCOjuIv1BipkoguBxKcRDXOBlLSltfBsuodcrtoZjoT1126_C5_D92fFHr4DJJQNaYU6g41RMQ2t2uGxnHSxgl3qYG2dz0oPQuksnLNm4kHX-4S4-ywkP_1Iq1CwnoixNrLjb5ColIvfbJbOXY5hex-wniZWP4cMwKUh9kQIU1eTdlvDb2w6ZnfOUxYGkHJs4i0Ldv6JVf5b8NhMn628EWnLA5StMcDBXzWlYGmGwbj9sCfWNiMpBN-Pa6-FtuKJwLIvnx_QhicDBWOBL1Lx2TxdMGfp0LhsZJkJy6kEFqsNb7KKJUQ1b-QSM6PlRTqp6RhjnQ_qaGgVDyNQ_0RfALIeQIVTN3q-ZgdMpi3ulj-Ol2JyNPLDuYXtySoacx1EjJHmTT8nXcwCbIc7lK2Xd42SlYjI_bsqey4zk77GVoKlgCdYDPkuIA7OGYDMDuYHprgwQq6iKGDP7W9JUy8Wf3_cqvOKOtVB-RaLMDDDnuM8QRKcmFTBkwCsj8-UK2gHhwz9nSgGOj1kWS8DtIb8BMetMHNeg2ezVyJ2zBs9gYeXl8jFAjQC2hyEyJZ-_tkBaHkqB2U_RN4F6lvGCG7dOGLCKs_kjf0GNHgLc7LwaUh7-lrbYOSPqJtBUfLKNEOBd1AvYMEoA9i1lvH_X_wIEhzEut04l3tHKpc7Jngd-Dyy3VfWKqjz9B_UvoEY43LLc5oxyD6AeFQRPgpQYbh-V6amXhy3n8biN8OmHTjvJR7rWx41gKwclRjRyjdquwlKEhz0_MmcDoiKlGuMYYBV4oxKm6MYreEEaniIlQwmRMHxZ7ncRdzbPrtpSDJDFVGD5yyUYWbq8g-oT4E_s4jTR75a0uPGJC18ln_e_2xVXDE6peN3PL5WVFmQLlXAtCqEJndpcte0bCgT6AXiwXkwhH6CbjUq1x861ehdhdL8kYWTRVq_0M
# 韩式经典肥牛拌饭.jpg,https://pigkiller-011955-1319328397.cos.ap-beijing.myqcloud.com/%23%20%E9%9F%A9%E5%BC%8F%E7%BB%8F%E5%85%B8%E8%82%A5%E7%89%9B%E6%8B%8C%E9%A5%AD.jpg?q-sign-algorithm=sha1&q-ak=AKIDdTLUk5dUbcj3MYoNRNIoVL3XWWallbejdPwJelGK5elgO-IScaSkrNjL9uiJhlCU&q-sign-time=1722216056;1722219656&q-key-time=1722216056;1722219656&q-header-list=&q-url-param-list=&q-signature=1da9b70d309151c2dfd5e0453571d6eb4b3ba029&x-cos-security-token=iunvr5haYQlLggDnhU1DovbRS98xdiXafb3f31ec84d1cc36e3aad71342f41f79Pd2wLw-0cQ79pdM5o2suafpY7_YdGT0qh3MHMy50mZzt2qtAYkEgzf9RCyP6cRu_fl8x8K96xliFbsJLa9PAfPq99sUu6wygWhwJowFP719CB9l_-bc1g-Mvsbq0-pCzLP5tKz7Kp8Xk2ru1sEw9PkXA9gAMWhpDaJw0sL9zluyoWv1CP-rfyzuZL1JRbLsFlIwEt1QxdszQIMLyv534saXRthExQ0UuyJlExNsIz1ydtW6hRNe19by8zSCy1ywd5X6fK7pcsNSOgftEby8eJ_9XGufa17fdU2b-OxDu9ohPwwfc59zqad8stmCOjuIv1BipkoguBxKcRDXOBlLSltfBsuodcrtoZjoT1126_C5_D92fFHr4DJJQNaYU6g41RMQ2t2uGxnHSxgl3qYG2dz0oPQuksnLNm4kHX-4S4-ywkP_1Iq1CwnoixNrLjb5ColIvfbJbOXY5hex-wniZWP4cMwKUh9kQIU1eTdlvDb2w6ZnfOUxYGkHJs4i0Ldv6JVf5b8NhMn628EWnLA5StMcDBXzWlYGmGwbj9sCfWNiMpBN-Pa6-FtuKJwLIvnx_QhicDBWOBL1Lx2TxdMGfp0LhsZJkJy6kEFqsNb7KKJUQ1b-QSM6PlRTqp6RhjnQ_qaGgVDyNQ_0RfALIeQIVTN3q-ZgdMpi3ulj-Ol2JyNPLDuYXtySoacx1EjJHmTT8nXcwCbIc7lK2Xd42SlYjI_bsqey4zk77GVoKlgCdYDPkuIA7OGYDMDuYHprgwQq6iKGDP7W9JUy8Wf3_cqvOKOtVB-RaLMDDDnuM8QRKcmFTBkwCsj8-UK2gHhwz9nSgGOj1kWS8DtIb8BMetMHNeg2ezVyJ2zBs9gYeXl8jFAjQC2hyEyJZ-_tkBaHkqB2U_RN4F6lvGCG7dOGLCKs_kjf0GNHgLc7LwaUh7-lrbYOSPqJtBUfLKNEOBd1AvYMEoA9i1lvH_X_wIEhzEut04l3tHKpc7Jngd-Dyy3VfWKqjz9B_UvoEY43LLc5oxyD6AeFQRPgpQYbh-V6amXhy3n8biN8OmHTjvJR7rWx41gKwclRjRyjdquwlKEhz0_MmcDoiKlGuMYYBV4oxKm6MYreEEaniIlQwmRMHxZ7ncRdzbPrtpSDJDFVGD5yyUYWbq8g-oT4E_s4jTR75a0uPGJC18ln_e_2xVXDE6peN3PL5WVFmQLlXAtCqEJndpcte0bCgT6AXiwXkwhH6CbjUq1x861ehdhdL8kYWTRVq_0M
# 风味鸭腿.jpg,https://pigkiller-011955-1319328397.cos.ap-beijing.myqcloud.com/%23%20%E9%A3%8E%E5%91%B3%E9%B8%AD%E8%85%BF.jpg?q-sign-algorithm=sha1&q-ak=AKIDdTLUk5dUbcj3MYoNRNIoVL3XWWallbejdPwJelGK5elgO-IScaSkrNjL9uiJhlCU&q-sign-time=1722216056;1722219656&q-key-time=1722216056;1722219656&q-header-list=&q-url-param-list=&q-signature=136e96a60323a99c6c0ee2e2a23bd4df9c63204f&x-cos-security-token=iunvr5haYQlLggDnhU1DovbRS98xdiXafb3f31ec84d1cc36e3aad71342f41f79Pd2wLw-0cQ79pdM5o2suafpY7_YdGT0qh3MHMy50mZzt2qtAYkEgzf9RCyP6cRu_fl8x8K96xliFbsJLa9PAfPq99sUu6wygWhwJowFP719CB9l_-bc1g-Mvsbq0-pCzLP5tKz7Kp8Xk2ru1sEw9PkXA9gAMWhpDaJw0sL9zluyoWv1CP-rfyzuZL1JRbLsFlIwEt1QxdszQIMLyv534saXRthExQ0UuyJlExNsIz1ydtW6hRNe19by8zSCy1ywd5X6fK7pcsNSOgftEby8eJ_9XGufa17fdU2b-OxDu9ohPwwfc59zqad8stmCOjuIv1BipkoguBxKcRDXOBlLSltfBsuodcrtoZjoT1126_C5_D92fFHr4DJJQNaYU6g41RMQ2t2uGxnHSxgl3qYG2dz0oPQuksnLNm4kHX-4S4-ywkP_1Iq1CwnoixNrLjb5ColIvfbJbOXY5hex-wniZWP4cMwKUh9kQIU1eTdlvDb2w6ZnfOUxYGkHJs4i0Ldv6JVf5b8NhMn628EWnLA5StMcDBXzWlYGmGwbj9sCfWNiMpBN-Pa6-FtuKJwLIvnx_QhicDBWOBL1Lx2TxdMGfp0LhsZJkJy6kEFqsNb7KKJUQ1b-QSM6PlRTqp6RhjnQ_qaGgVDyNQ_0RfALIeQIVTN3q-ZgdMpi3ulj-Ol2JyNPLDuYXtySoacx1EjJHmTT8nXcwCbIc7lK2Xd42SlYjI_bsqey4zk77GVoKlgCdYDPkuIA7OGYDMDuYHprgwQq6iKGDP7W9JUy8Wf3_cqvOKOtVB-RaLMDDDnuM8QRKcmFTBkwCsj8-UK2gHhwz9nSgGOj1kWS8DtIb8BMetMHNeg2ezVyJ2zBs9gYeXl8jFAjQC2hyEyJZ-_tkBaHkqB2U_RN4F6lvGCG7dOGLCKs_kjf0GNHgLc7LwaUh7-lrbYOSPqJtBUfLKNEOBd1AvYMEoA9i1lvH_X_wIEhzEut04l3tHKpc7Jngd-Dyy3VfWKqjz9B_UvoEY43LLc5oxyD6AeFQRPgpQYbh-V6amXhy3n8biN8OmHTjvJR7rWx41gKwclRjRyjdquwlKEhz0_MmcDoiKlGuMYYBV4oxKm6MYreEEaniIlQwmRMHxZ7ncRdzbPrtpSDJDFVGD5yyUYWbq8g-oT4E_s4jTR75a0uPGJC18ln_e_2xVXDE6peN3PL5WVFmQLlXAtCqEJndpcte0bCgT6AXiwXkwhH6CbjUq1x861ehdhdL8kYWTRVq_0M
# 香辣烤鱼.jpg,https://pigkiller-011955-1319328397.cos.ap-beijing.myqcloud.com/%23%20%E9%A6%99%E8%BE%A3%E7%83%A4%E9%B1%BC.jpg?q-sign-algorithm=sha1&q-ak=AKIDdTLUk5dUbcj3MYoNRNIoVL3XWWallbejdPwJelGK5elgO-IScaSkrNjL9uiJhlCU&q-sign-time=1722216056;1722219656&q-key-time=1722216056;1722219656&q-header-list=&q-url-param-list=&q-signature=770187960f81dbd9e7a8b9f053b08e3b2b98a19f&x-cos-security-token=iunvr5haYQlLggDnhU1DovbRS98xdiXafb3f31ec84d1cc36e3aad71342f41f79Pd2wLw-0cQ79pdM5o2suafpY7_YdGT0qh3MHMy50mZzt2qtAYkEgzf9RCyP6cRu_fl8x8K96xliFbsJLa9PAfPq99sUu6wygWhwJowFP719CB9l_-bc1g-Mvsbq0-pCzLP5tKz7Kp8Xk2ru1sEw9PkXA9gAMWhpDaJw0sL9zluyoWv1CP-rfyzuZL1JRbLsFlIwEt1QxdszQIMLyv534saXRthExQ0UuyJlExNsIz1ydtW6hRNe19by8zSCy1ywd5X6fK7pcsNSOgftEby8eJ_9XGufa17fdU2b-OxDu9ohPwwfc59zqad8stmCOjuIv1BipkoguBxKcRDXOBlLSltfBsuodcrtoZjoT1126_C5_D92fFHr4DJJQNaYU6g41RMQ2t2uGxnHSxgl3qYG2dz0oPQuksnLNm4kHX-4S4-ywkP_1Iq1CwnoixNrLjb5ColIvfbJbOXY5hex-wniZWP4cMwKUh9kQIU1eTdlvDb2w6ZnfOUxYGkHJs4i0Ldv6JVf5b8NhMn628EWnLA5StMcDBXzWlYGmGwbj9sCfWNiMpBN-Pa6-FtuKJwLIvnx_QhicDBWOBL1Lx2TxdMGfp0LhsZJkJy6kEFqsNb7KKJUQ1b-QSM6PlRTqp6RhjnQ_qaGgVDyNQ_0RfALIeQIVTN3q-ZgdMpi3ulj-Ol2JyNPLDuYXtySoacx1EjJHmTT8nXcwCbIc7lK2Xd42SlYjI_bsqey4zk77GVoKlgCdYDPkuIA7OGYDMDuYHprgwQq6iKGDP7W9JUy8Wf3_cqvOKOtVB-RaLMDDDnuM8QRKcmFTBkwCsj8-UK2gHhwz9nSgGOj1kWS8DtIb8BMetMHNeg2ezVyJ2zBs9gYeXl8jFAjQC2hyEyJZ-_tkBaHkqB2U_RN4F6lvGCG7dOGLCKs_kjf0GNHgLc7LwaUh7-lrbYOSPqJtBUfLKNEOBd1AvYMEoA9i1lvH_X_wIEhzEut04l3tHKpc7Jngd-Dyy3VfWKqjz9B_UvoEY43LLc5oxyD6AeFQRPgpQYbh-V6amXhy3n8biN8OmHTjvJR7rWx41gKwclRjRyjdquwlKEhz0_MmcDoiKlGuMYYBV4oxKm6MYreEEaniIlQwmRMHxZ7ncRdzbPrtpSDJDFVGD5yyUYWbq8g-oT4E_s4jTR75a0uPGJC18ln_e_2xVXDE6peN3PL5WVFmQLlXAtCqEJndpcte0bCgT6AXiwXkwhH6CbjUq1x861ehdhdL8kYWTRVq_0M
# 香辣牛肉千张.jpg,https://pigkiller-011955-1319328397.cos.ap-beijing.myqcloud.com/%23%20%E9%A6%99%E8%BE%A3%E7%89%9B%E8%82%89%E5%8D%83%E5%BC%A0.jpg?q-sign-algorithm=sha1&q-ak=AKIDdTLUk5dUbcj3MYoNRNIoVL3XWWallbejdPwJelGK5elgO-IScaSkrNjL9uiJhlCU&q-sign-time=1722216056;1722219656&q-key-time=1722216056;1722219656&q-header-list=&q-url-param-list=&q-signature=250d86b6706352a7329893b208ffe877caf2f41d&x-cos-security-token=iunvr5haYQlLggDnhU1DovbRS98xdiXafb3f31ec84d1cc36e3aad71342f41f79Pd2wLw-0cQ79pdM5o2suafpY7_YdGT0qh3MHMy50mZzt2qtAYkEgzf9RCyP6cRu_fl8x8K96xliFbsJLa9PAfPq99sUu6wygWhwJowFP719CB9l_-bc1g-Mvsbq0-pCzLP5tKz7Kp8Xk2ru1sEw9PkXA9gAMWhpDaJw0sL9zluyoWv1CP-rfyzuZL1JRbLsFlIwEt1QxdszQIMLyv534saXRthExQ0UuyJlExNsIz1ydtW6hRNe19by8zSCy1ywd5X6fK7pcsNSOgftEby8eJ_9XGufa17fdU2b-OxDu9ohPwwfc59zqad8stmCOjuIv1BipkoguBxKcRDXOBlLSltfBsuodcrtoZjoT1126_C5_D92fFHr4DJJQNaYU6g41RMQ2t2uGxnHSxgl3qYG2dz0oPQuksnLNm4kHX-4S4-ywkP_1Iq1CwnoixNrLjb5ColIvfbJbOXY5hex-wniZWP4cMwKUh9kQIU1eTdlvDb2w6ZnfOUxYGkHJs4i0Ldv6JVf5b8NhMn628EWnLA5StMcDBXzWlYGmGwbj9sCfWNiMpBN-Pa6-FtuKJwLIvnx_QhicDBWOBL1Lx2TxdMGfp0LhsZJkJy6kEFqsNb7KKJUQ1b-QSM6PlRTqp6RhjnQ_qaGgVDyNQ_0RfALIeQIVTN3q-ZgdMpi3ulj-Ol2JyNPLDuYXtySoacx1EjJHmTT8nXcwCbIc7lK2Xd42SlYjI_bsqey4zk77GVoKlgCdYDPkuIA7OGYDMDuYHprgwQq6iKGDP7W9JUy8Wf3_cqvOKOtVB-RaLMDDDnuM8QRKcmFTBkwCsj8-UK2gHhwz9nSgGOj1kWS8DtIb8BMetMHNeg2ezVyJ2zBs9gYeXl8jFAjQC2hyEyJZ-_tkBaHkqB2U_RN4F6lvGCG7dOGLCKs_kjf0GNHgLc7LwaUh7-lrbYOSPqJtBUfLKNEOBd1AvYMEoA9i1lvH_X_wIEhzEut04l3tHKpc7Jngd-Dyy3VfWKqjz9B_UvoEY43LLc5oxyD6AeFQRPgpQYbh-V6amXhy3n8biN8OmHTjvJR7rWx41gKwclRjRyjdquwlKEhz0_MmcDoiKlGuMYYBV4oxKm6MYreEEaniIlQwmRMHxZ7ncRdzbPrtpSDJDFVGD5yyUYWbq8g-oT4E_s4jTR75a0uPGJC18ln_e_2xVXDE6peN3PL5WVFmQLlXAtCqEJndpcte0bCgT6AXiwXkwhH6CbjUq1x861ehdhdL8kYWTRVq_0M
# 鸡架骨拌面.jpg,https://pigkiller-011955-1319328397.cos.ap-beijing.myqcloud.com/%23%20%E9%B8%A1%E6%9E%B6%E9%AA%A8%E6%8B%8C%E9%9D%A2.jpg?q-sign-algorithm=sha1&q-ak=AKIDdTLUk5dUbcj3MYoNRNIoVL3XWWallbejdPwJelGK5elgO-IScaSkrNjL9uiJhlCU&q-sign-time=1722216056;1722219656&q-key-time=1722216056;1722219656&q-header-list=&q-url-param-list=&q-signature=b29c2f5664667971ae8ef3c64c300b08af798d70&x-cos-security-token=iunvr5haYQlLggDnhU1DovbRS98xdiXafb3f31ec84d1cc36e3aad71342f41f79Pd2wLw-0cQ79pdM5o2suafpY7_YdGT0qh3MHMy50mZzt2qtAYkEgzf9RCyP6cRu_fl8x8K96xliFbsJLa9PAfPq99sUu6wygWhwJowFP719CB9l_-bc1g-Mvsbq0-pCzLP5tKz7Kp8Xk2ru1sEw9PkXA9gAMWhpDaJw0sL9zluyoWv1CP-rfyzuZL1JRbLsFlIwEt1QxdszQIMLyv534saXRthExQ0UuyJlExNsIz1ydtW6hRNe19by8zSCy1ywd5X6fK7pcsNSOgftEby8eJ_9XGufa17fdU2b-OxDu9ohPwwfc59zqad8stmCOjuIv1BipkoguBxKcRDXOBlLSltfBsuodcrtoZjoT1126_C5_D92fFHr4DJJQNaYU6g41RMQ2t2uGxnHSxgl3qYG2dz0oPQuksnLNm4kHX-4S4-ywkP_1Iq1CwnoixNrLjb5ColIvfbJbOXY5hex-wniZWP4cMwKUh9kQIU1eTdlvDb2w6ZnfOUxYGkHJs4i0Ldv6JVf5b8NhMn628EWnLA5StMcDBXzWlYGmGwbj9sCfWNiMpBN-Pa6-FtuKJwLIvnx_QhicDBWOBL1Lx2TxdMGfp0LhsZJkJy6kEFqsNb7KKJUQ1b-QSM6PlRTqp6RhjnQ_qaGgVDyNQ_0RfALIeQIVTN3q-ZgdMpi3ulj-Ol2JyNPLDuYXtySoacx1EjJHmTT8nXcwCbIc7lK2Xd42SlYjI_bsqey4zk77GVoKlgCdYDPkuIA7OGYDMDuYHprgwQq6iKGDP7W9JUy8Wf3_cqvOKOtVB-RaLMDDDnuM8QRKcmFTBkwCsj8-UK2gHhwz9nSgGOj1kWS8DtIb8BMetMHNeg2ezVyJ2zBs9gYeXl8jFAjQC2hyEyJZ-_tkBaHkqB2U_RN4F6lvGCG7dOGLCKs_kjf0GNHgLc7LwaUh7-lrbYOSPqJtBUfLKNEOBd1AvYMEoA9i1lvH_X_wIEhzEut04l3tHKpc7Jngd-Dyy3VfWKqjz9B_UvoEY43LLc5oxyD6AeFQRPgpQYbh-V6amXhy3n8biN8OmHTjvJR7rWx41gKwclRjRyjdquwlKEhz0_MmcDoiKlGuMYYBV4oxKm6MYreEEaniIlQwmRMHxZ7ncRdzbPrtpSDJDFVGD5yyUYWbq8g-oT4E_s4jTR75a0uPGJC18ln_e_2xVXDE6peN3PL5WVFmQLlXAtCqEJndpcte0bCgT6AXiwXkwhH6CbjUq1x861ehdhdL8kYWTRVq_0M
